use reto3;
INSERT INTO pelicula(nombrePelicula,duracion,genero) VALUE ('Handia','160','Drama');
INSERT INTO pelicula(nombrePelicula,duracion,genero) VALUE ('La lista de Schindler','197','Drama');
INSERT INTO pelicula(nombrePelicula,duracion,genero) VALUE ('Cadena Perpetua','160','Drama');
INSERT INTO pelicula(nombrePelicula,duracion,genero) VALUE ('Million Dollar Baby','160','Drama');
INSERT INTO pelicula(nombrePelicula,duracion,genero) VALUE ('2001: Odisea en el espacio','139','Ciencia-Ficcion');
INSERT INTO pelicula(nombrePelicula,duracion,genero) VALUE ('El planeta de los Simios','112','Ciencia-Ficcion');
INSERT INTO pelicula(nombrePelicula,duracion,genero) VALUE ('Alien','116','Terror');
INSERT INTO pelicula(nombrePelicula,duracion,genero) VALUE ('Psicosis','109','Terror');
INSERT INTO pelicula(nombrePelicula,duracion,genero) VALUE ('El resplandor','146','Terror');
INSERT INTO pelicula(nombrePelicula,duracion,genero) VALUE ('Dracula','130','Drama');
INSERT INTO pelicula(nombrePelicula,duracion,genero) VALUE ('Cisne Negro','85','Drama');
INSERT INTO pelicula(nombrePelicula,duracion,genero) VALUE ('La vida de Brian','93','Comedia');
INSERT INTO pelicula(nombrePelicula,duracion,genero) VALUE ('Scary Movie 2','83','Comedia');
INSERT INTO pelicula(nombrePelicula,duracion,genero) VALUE ('El Gran Lebowski','117','Comedia');
INSERT INTO pelicula(nombrePelicula,duracion,genero) VALUE ('Aterriza como puedas','88','Comedia');

INSERT INTO cine VALUES ('GC','Cines Golem');
INSERT into cine VALUES ('YC','Yelmo Cines');
INSERT into cine VALUES ('ZB','Cines Zubiarte');

INSERT into Cliente VALUES ('12318312Q','igor1','Igor','Bueno','H','1234567A');
INSERT into Cliente VALUES ('21918362X','elorrieta1','Elorrieta','Centro','H','elorrieta00');
INSERT into Cliente VALUES ('43240843O','sixseiger','Erlantz','Gil','H','987654B');
INSERT into Cliente VALUES ('79114209Q','akos','Unai','Cano','H','uwuowo2');

INSERT INTO Sala VALUES('GC','Sala 01');
INSERT INTO Sala VALUES('GC','Sala 02');
INSERT INTO Sala VALUES('GC','Sala 03');
INSERT INTO Sala VALUES('YC','Sala 01');
INSERT INTO Sala VALUES('YC','Sala 02');
INSERT INTO Sala VALUES('YC','Sala 03');
INSERT INTO Sala VALUES('ZB','Sala 01');
INSERT INTO Sala VALUES('ZB','Sala 02');
INSERT INTO Sala VALUES('ZB','Sala 03');

INSERT INTO emision (FechaEmision,HoraEmision,precioInicial,idCine,nombreSala,codPeli) VALUES ('2023-02-14','00:00','7.99','GC','Sala 01','13');
INSERT INTO emision (FechaEmision,HoraEmision,precioInicial,idCine,nombreSala,codPeli) VALUES ('2023-02-14','15:00','4.99','GC','Sala 01','8');
INSERT INTO emision (FechaEmision,HoraEmision,precioInicial,idCine,nombreSala,codPeli) VALUES ('2023-02-14','18:00','4.99','GC','Sala 01','5');
INSERT INTO emision (FechaEmision,HoraEmision,precioInicial,idCine,nombreSala,codPeli) VALUES ('2023-02-14','21:00','10.99','GC','Sala 01','13');
INSERT INTO emision (FechaEmision,HoraEmision,precioInicial,idCine,nombreSala,codPeli) VALUES ('2023-02-14','00:00','4.99','GC','Sala 02','9');
INSERT INTO emision (FechaEmision,HoraEmision,precioInicial,idCine,nombreSala,codPeli) VALUES ('2023-02-14','15:00','14.99','GC','Sala 02','7');
INSERT INTO emision (FechaEmision,HoraEmision,precioInicial,idCine,nombreSala,codPeli) VALUES ('2023-02-14','18:00','7.99','GC','Sala 02','10');
INSERT INTO emision (FechaEmision,HoraEmision,precioInicial,idCine,nombreSala,codPeli) VALUES ('2023-02-14','21:00','14.99','GC','Sala 02','4');
INSERT INTO emision (FechaEmision,HoraEmision,precioInicial,idCine,nombreSala,codPeli) VALUES ('2023-02-14','00:00','4.99','GC','Sala 03','3');
INSERT INTO emision (FechaEmision,HoraEmision,precioInicial,idCine,nombreSala,codPeli) VALUES ('2023-02-14','15:00','14.99','GC','Sala 03','11');
INSERT INTO emision (FechaEmision,HoraEmision,precioInicial,idCine,nombreSala,codPeli) VALUES ('2023-02-14','18:00','7.99','GC','Sala 03','13');
INSERT INTO emision (FechaEmision,HoraEmision,precioInicial,idCine,nombreSala,codPeli) VALUES ('2023-02-14','21:00','7.99','GC','Sala 03','15');
INSERT INTO emision (FechaEmision,HoraEmision,precioInicial,idCine,nombreSala,codPeli) VALUES ('2023-02-14','00:00','10.99','YC','Sala 01','4');
INSERT INTO emision (FechaEmision,HoraEmision,precioInicial,idCine,nombreSala,codPeli) VALUES ('2023-02-14','15:00','10.99','YC','Sala 01','10');
INSERT INTO emision (FechaEmision,HoraEmision,precioInicial,idCine,nombreSala,codPeli) VALUES ('2023-02-14','18:00','10.99','YC','Sala 01','6');
INSERT INTO emision (FechaEmision,HoraEmision,precioInicial,idCine,nombreSala,codPeli) VALUES ('2023-02-14','21:00','7.99','YC','Sala 01','8');
INSERT INTO emision (FechaEmision,HoraEmision,precioInicial,idCine,nombreSala,codPeli) VALUES ('2023-02-14','00:00','4.99','YC','Sala 02','8');
INSERT INTO emision (FechaEmision,HoraEmision,precioInicial,idCine,nombreSala,codPeli) VALUES ('2023-02-14','15:00','7.99','YC','Sala 02','2');
INSERT INTO emision (FechaEmision,HoraEmision,precioInicial,idCine,nombreSala,codPeli) VALUES ('2023-02-14','18:00','7.99','YC','Sala 02','1');
INSERT INTO emision (FechaEmision,HoraEmision,precioInicial,idCine,nombreSala,codPeli) VALUES ('2023-02-14','21:00','10.99','YC','Sala 02','4');
INSERT INTO emision (FechaEmision,HoraEmision,precioInicial,idCine,nombreSala,codPeli) VALUES ('2023-02-14','00:00','10.99','YC','Sala 03','5');
INSERT INTO emision (FechaEmision,HoraEmision,precioInicial,idCine,nombreSala,codPeli) VALUES ('2023-02-14','15:00','14.99','YC','Sala 03','3');
INSERT INTO emision (FechaEmision,HoraEmision,precioInicial,idCine,nombreSala,codPeli) VALUES ('2023-02-14','18:00','14.99','YC','Sala 03','11');
INSERT INTO emision (FechaEmision,HoraEmision,precioInicial,idCine,nombreSala,codPeli) VALUES ('2023-02-14','21:00','4.99','YC','Sala 03','12');
INSERT INTO emision (FechaEmision,HoraEmision,precioInicial,idCine,nombreSala,codPeli) VALUES ('2023-02-14','00:00','7.99','ZB','Sala 01','9');
INSERT INTO emision (FechaEmision,HoraEmision,precioInicial,idCine,nombreSala,codPeli) VALUES ('2023-02-14','15:00','4.99','ZB','Sala 01','13');
INSERT INTO emision (FechaEmision,HoraEmision,precioInicial,idCine,nombreSala,codPeli) VALUES ('2023-02-14','18:00','7.99','ZB','Sala 01','9');
INSERT INTO emision (FechaEmision,HoraEmision,precioInicial,idCine,nombreSala,codPeli) VALUES ('2023-02-14','21:00','7.99','ZB','Sala 01','1');
INSERT INTO emision (FechaEmision,HoraEmision,precioInicial,idCine,nombreSala,codPeli) VALUES ('2023-02-14','00:00','4.99','ZB','Sala 02','3');
INSERT INTO emision (FechaEmision,HoraEmision,precioInicial,idCine,nombreSala,codPeli) VALUES ('2023-02-14','15:00','14.99','ZB','Sala 02','15');
INSERT INTO emision (FechaEmision,HoraEmision,precioInicial,idCine,nombreSala,codPeli) VALUES ('2023-02-14','18:00','14.99','ZB','Sala 02','14');
INSERT INTO emision (FechaEmision,HoraEmision,precioInicial,idCine,nombreSala,codPeli) VALUES ('2023-02-14','21:00','14.99','ZB','Sala 02','13');
INSERT INTO emision (FechaEmision,HoraEmision,precioInicial,idCine,nombreSala,codPeli) VALUES ('2023-02-14','00:00','14.99','ZB','Sala 03','10');
INSERT INTO emision (FechaEmision,HoraEmision,precioInicial,idCine,nombreSala,codPeli) VALUES ('2023-02-14','15:00','7.99','ZB','Sala 03','7');
INSERT INTO emision (FechaEmision,HoraEmision,precioInicial,idCine,nombreSala,codPeli) VALUES ('2023-02-14','18:00','10.99','ZB','Sala 03','14');
INSERT INTO emision (FechaEmision,HoraEmision,precioInicial,idCine,nombreSala,codPeli) VALUES ('2023-02-14','21:00','14.99','ZB','Sala 03','1');
INSERT INTO emision (FechaEmision,HoraEmision,precioInicial,idCine,nombreSala,codPeli) VALUES ('2023-02-15','00:00','7.99','GC','Sala 01','1');
INSERT INTO emision (FechaEmision,HoraEmision,precioInicial,idCine,nombreSala,codPeli) VALUES ('2023-02-15','15:00','4.99','GC','Sala 01','10');
INSERT INTO emision (FechaEmision,HoraEmision,precioInicial,idCine,nombreSala,codPeli) VALUES ('2023-02-15','18:00','7.99','GC','Sala 01','10');
INSERT INTO emision (FechaEmision,HoraEmision,precioInicial,idCine,nombreSala,codPeli) VALUES ('2023-02-15','21:00','7.99','GC','Sala 01','9');
INSERT INTO emision (FechaEmision,HoraEmision,precioInicial,idCine,nombreSala,codPeli) VALUES ('2023-02-15','00:00','7.99','GC','Sala 02','1');
INSERT INTO emision (FechaEmision,HoraEmision,precioInicial,idCine,nombreSala,codPeli) VALUES ('2023-02-15','15:00','10.99','GC','Sala 02','9');
INSERT INTO emision (FechaEmision,HoraEmision,precioInicial,idCine,nombreSala,codPeli) VALUES ('2023-02-15','18:00','10.99','GC','Sala 02','4');
INSERT INTO emision (FechaEmision,HoraEmision,precioInicial,idCine,nombreSala,codPeli) VALUES ('2023-02-15','21:00','14.99','GC','Sala 02','7');
INSERT INTO emision (FechaEmision,HoraEmision,precioInicial,idCine,nombreSala,codPeli) VALUES ('2023-02-15','00:00','7.99','GC','Sala 03','4');
INSERT INTO emision (FechaEmision,HoraEmision,precioInicial,idCine,nombreSala,codPeli) VALUES ('2023-02-15','15:00','10.99','GC','Sala 03','4');
INSERT INTO emision (FechaEmision,HoraEmision,precioInicial,idCine,nombreSala,codPeli) VALUES ('2023-02-15','18:00','4.99','GC','Sala 03','14');
INSERT INTO emision (FechaEmision,HoraEmision,precioInicial,idCine,nombreSala,codPeli) VALUES ('2023-02-15','21:00','14.99','GC','Sala 03','10');
INSERT INTO emision (FechaEmision,HoraEmision,precioInicial,idCine,nombreSala,codPeli) VALUES ('2023-02-15','00:00','10.99','YC','Sala 01','7');
INSERT INTO emision (FechaEmision,HoraEmision,precioInicial,idCine,nombreSala,codPeli) VALUES ('2023-02-15','15:00','10.99','YC','Sala 01','2');
INSERT INTO emision (FechaEmision,HoraEmision,precioInicial,idCine,nombreSala,codPeli) VALUES ('2023-02-15','18:00','4.99','YC','Sala 01','1');
INSERT INTO emision (FechaEmision,HoraEmision,precioInicial,idCine,nombreSala,codPeli) VALUES ('2023-02-15','21:00','14.99','YC','Sala 01','4');
INSERT INTO emision (FechaEmision,HoraEmision,precioInicial,idCine,nombreSala,codPeli) VALUES ('2023-02-15','00:00','4.99','YC','Sala 02','3');
INSERT INTO emision (FechaEmision,HoraEmision,precioInicial,idCine,nombreSala,codPeli) VALUES ('2023-02-15','15:00','4.99','YC','Sala 02','6');
INSERT INTO emision (FechaEmision,HoraEmision,precioInicial,idCine,nombreSala,codPeli) VALUES ('2023-02-15','18:00','4.99','YC','Sala 02','7');
INSERT INTO emision (FechaEmision,HoraEmision,precioInicial,idCine,nombreSala,codPeli) VALUES ('2023-02-15','21:00','4.99','YC','Sala 02','7');
INSERT INTO emision (FechaEmision,HoraEmision,precioInicial,idCine,nombreSala,codPeli) VALUES ('2023-02-15','00:00','14.99','YC','Sala 03','14');
INSERT INTO emision (FechaEmision,HoraEmision,precioInicial,idCine,nombreSala,codPeli) VALUES ('2023-02-15','15:00','10.99','YC','Sala 03','15');
INSERT INTO emision (FechaEmision,HoraEmision,precioInicial,idCine,nombreSala,codPeli) VALUES ('2023-02-15','18:00','4.99','YC','Sala 03','7');
INSERT INTO emision (FechaEmision,HoraEmision,precioInicial,idCine,nombreSala,codPeli) VALUES ('2023-02-15','21:00','14.99','YC','Sala 03','11');
INSERT INTO emision (FechaEmision,HoraEmision,precioInicial,idCine,nombreSala,codPeli) VALUES ('2023-02-15','00:00','14.99','ZB','Sala 01','14');
INSERT INTO emision (FechaEmision,HoraEmision,precioInicial,idCine,nombreSala,codPeli) VALUES ('2023-02-15','15:00','4.99','ZB','Sala 01','11');
INSERT INTO emision (FechaEmision,HoraEmision,precioInicial,idCine,nombreSala,codPeli) VALUES ('2023-02-15','18:00','4.99','ZB','Sala 01','7');
INSERT INTO emision (FechaEmision,HoraEmision,precioInicial,idCine,nombreSala,codPeli) VALUES ('2023-02-15','21:00','4.99','ZB','Sala 01','11');
INSERT INTO emision (FechaEmision,HoraEmision,precioInicial,idCine,nombreSala,codPeli) VALUES ('2023-02-15','00:00','7.99','ZB','Sala 02','9');
INSERT INTO emision (FechaEmision,HoraEmision,precioInicial,idCine,nombreSala,codPeli) VALUES ('2023-02-15','15:00','4.99','ZB','Sala 02','11');
INSERT INTO emision (FechaEmision,HoraEmision,precioInicial,idCine,nombreSala,codPeli) VALUES ('2023-02-15','18:00','10.99','ZB','Sala 02','12');
INSERT INTO emision (FechaEmision,HoraEmision,precioInicial,idCine,nombreSala,codPeli) VALUES ('2023-02-15','21:00','14.99','ZB','Sala 02','5');
INSERT INTO emision (FechaEmision,HoraEmision,precioInicial,idCine,nombreSala,codPeli) VALUES ('2023-02-15','00:00','7.99','ZB','Sala 03','1');
INSERT INTO emision (FechaEmision,HoraEmision,precioInicial,idCine,nombreSala,codPeli) VALUES ('2023-02-15','15:00','7.99','ZB','Sala 03','11');
INSERT INTO emision (FechaEmision,HoraEmision,precioInicial,idCine,nombreSala,codPeli) VALUES ('2023-02-15','18:00','10.99','ZB','Sala 03','5');
INSERT INTO emision (FechaEmision,HoraEmision,precioInicial,idCine,nombreSala,codPeli) VALUES ('2023-02-15','21:00','14.99','ZB','Sala 03','7');
INSERT INTO emision (FechaEmision,HoraEmision,precioInicial,idCine,nombreSala,codPeli) VALUES ('2023-02-16','00:00','10.99','GC','Sala 01','6');
INSERT INTO emision (FechaEmision,HoraEmision,precioInicial,idCine,nombreSala,codPeli) VALUES ('2023-02-16','15:00','7.99','GC','Sala 01','13');
INSERT INTO emision (FechaEmision,HoraEmision,precioInicial,idCine,nombreSala,codPeli) VALUES ('2023-02-16','18:00','7.99','GC','Sala 01','8');
INSERT INTO emision (FechaEmision,HoraEmision,precioInicial,idCine,nombreSala,codPeli) VALUES ('2023-02-16','21:00','4.99','GC','Sala 01','13');
INSERT INTO emision (FechaEmision,HoraEmision,precioInicial,idCine,nombreSala,codPeli) VALUES ('2023-02-16','00:00','7.99','GC','Sala 02','2');
INSERT INTO emision (FechaEmision,HoraEmision,precioInicial,idCine,nombreSala,codPeli) VALUES ('2023-02-16','15:00','10.99','GC','Sala 02','2');
INSERT INTO emision (FechaEmision,HoraEmision,precioInicial,idCine,nombreSala,codPeli) VALUES ('2023-02-16','18:00','10.99','GC','Sala 02','2');
INSERT INTO emision (FechaEmision,HoraEmision,precioInicial,idCine,nombreSala,codPeli) VALUES ('2023-02-16','21:00','10.99','GC','Sala 02','8');
INSERT INTO emision (FechaEmision,HoraEmision,precioInicial,idCine,nombreSala,codPeli) VALUES ('2023-02-16','00:00','14.99','GC','Sala 03','13');
INSERT INTO emision (FechaEmision,HoraEmision,precioInicial,idCine,nombreSala,codPeli) VALUES ('2023-02-16','15:00','14.99','GC','Sala 03','14');
INSERT INTO emision (FechaEmision,HoraEmision,precioInicial,idCine,nombreSala,codPeli) VALUES ('2023-02-16','18:00','7.99','GC','Sala 03','11');
INSERT INTO emision (FechaEmision,HoraEmision,precioInicial,idCine,nombreSala,codPeli) VALUES ('2023-02-16','21:00','7.99','GC','Sala 03','10');
INSERT INTO emision (FechaEmision,HoraEmision,precioInicial,idCine,nombreSala,codPeli) VALUES ('2023-02-16','00:00','4.99','YC','Sala 01','9');
INSERT INTO emision (FechaEmision,HoraEmision,precioInicial,idCine,nombreSala,codPeli) VALUES ('2023-02-16','15:00','14.99','YC','Sala 01','7');
INSERT INTO emision (FechaEmision,HoraEmision,precioInicial,idCine,nombreSala,codPeli) VALUES ('2023-02-16','18:00','10.99','YC','Sala 01','12');
INSERT INTO emision (FechaEmision,HoraEmision,precioInicial,idCine,nombreSala,codPeli) VALUES ('2023-02-16','21:00','10.99','YC','Sala 01','14');
INSERT INTO emision (FechaEmision,HoraEmision,precioInicial,idCine,nombreSala,codPeli) VALUES ('2023-02-16','00:00','14.99','YC','Sala 02','12');
INSERT INTO emision (FechaEmision,HoraEmision,precioInicial,idCine,nombreSala,codPeli) VALUES ('2023-02-16','15:00','14.99','YC','Sala 02','14');
INSERT INTO emision (FechaEmision,HoraEmision,precioInicial,idCine,nombreSala,codPeli) VALUES ('2023-02-16','18:00','14.99','YC','Sala 02','10');
INSERT INTO emision (FechaEmision,HoraEmision,precioInicial,idCine,nombreSala,codPeli) VALUES ('2023-02-16','21:00','10.99','YC','Sala 02','8');
INSERT INTO emision (FechaEmision,HoraEmision,precioInicial,idCine,nombreSala,codPeli) VALUES ('2023-02-16','00:00','7.99','YC','Sala 03','8');
INSERT INTO emision (FechaEmision,HoraEmision,precioInicial,idCine,nombreSala,codPeli) VALUES ('2023-02-16','15:00','4.99','YC','Sala 03','5');
INSERT INTO emision (FechaEmision,HoraEmision,precioInicial,idCine,nombreSala,codPeli) VALUES ('2023-02-16','18:00','4.99','YC','Sala 03','8');
INSERT INTO emision (FechaEmision,HoraEmision,precioInicial,idCine,nombreSala,codPeli) VALUES ('2023-02-16','21:00','4.99','YC','Sala 03','2');
INSERT INTO emision (FechaEmision,HoraEmision,precioInicial,idCine,nombreSala,codPeli) VALUES ('2023-02-16','00:00','4.99','ZB','Sala 01','7');
INSERT INTO emision (FechaEmision,HoraEmision,precioInicial,idCine,nombreSala,codPeli) VALUES ('2023-02-16','15:00','14.99','ZB','Sala 01','13');
INSERT INTO emision (FechaEmision,HoraEmision,precioInicial,idCine,nombreSala,codPeli) VALUES ('2023-02-16','18:00','14.99','ZB','Sala 01','13');
INSERT INTO emision (FechaEmision,HoraEmision,precioInicial,idCine,nombreSala,codPeli) VALUES ('2023-02-16','21:00','4.99','ZB','Sala 01','10');
INSERT INTO emision (FechaEmision,HoraEmision,precioInicial,idCine,nombreSala,codPeli) VALUES ('2023-02-16','00:00','7.99','ZB','Sala 02','2');
INSERT INTO emision (FechaEmision,HoraEmision,precioInicial,idCine,nombreSala,codPeli) VALUES ('2023-02-16','15:00','4.99','ZB','Sala 02','9');
INSERT INTO emision (FechaEmision,HoraEmision,precioInicial,idCine,nombreSala,codPeli) VALUES ('2023-02-16','18:00','7.99','ZB','Sala 02','14');
INSERT INTO emision (FechaEmision,HoraEmision,precioInicial,idCine,nombreSala,codPeli) VALUES ('2023-02-16','21:00','14.99','ZB','Sala 02','4');
INSERT INTO emision (FechaEmision,HoraEmision,precioInicial,idCine,nombreSala,codPeli) VALUES ('2023-02-16','00:00','14.99','ZB','Sala 03','9');
INSERT INTO emision (FechaEmision,HoraEmision,precioInicial,idCine,nombreSala,codPeli) VALUES ('2023-02-16','15:00','7.99','ZB','Sala 03','6');
INSERT INTO emision (FechaEmision,HoraEmision,precioInicial,idCine,nombreSala,codPeli) VALUES ('2023-02-16','18:00','7.99','ZB','Sala 03','15');
INSERT INTO emision (FechaEmision,HoraEmision,precioInicial,idCine,nombreSala,codPeli) VALUES ('2023-02-16','21:00','7.99','ZB','Sala 03','8');
INSERT INTO emision (FechaEmision,HoraEmision,precioInicial,idCine,nombreSala,codPeli) VALUES ('2023-02-17','00:00','7.99','GC','Sala 01','12');
INSERT INTO emision (FechaEmision,HoraEmision,precioInicial,idCine,nombreSala,codPeli) VALUES ('2023-02-17','15:00','7.99','GC','Sala 01','12');
INSERT INTO emision (FechaEmision,HoraEmision,precioInicial,idCine,nombreSala,codPeli) VALUES ('2023-02-17','18:00','7.99','GC','Sala 01','8');
INSERT INTO emision (FechaEmision,HoraEmision,precioInicial,idCine,nombreSala,codPeli) VALUES ('2023-02-17','21:00','7.99','GC','Sala 01','2');
INSERT INTO emision (FechaEmision,HoraEmision,precioInicial,idCine,nombreSala,codPeli) VALUES ('2023-02-17','00:00','10.99','GC','Sala 02','5');
INSERT INTO emision (FechaEmision,HoraEmision,precioInicial,idCine,nombreSala,codPeli) VALUES ('2023-02-17','15:00','4.99','GC','Sala 02','9');
INSERT INTO emision (FechaEmision,HoraEmision,precioInicial,idCine,nombreSala,codPeli) VALUES ('2023-02-17','18:00','7.99','GC','Sala 02','3');
INSERT INTO emision (FechaEmision,HoraEmision,precioInicial,idCine,nombreSala,codPeli) VALUES ('2023-02-17','21:00','14.99','GC','Sala 02','12');
INSERT INTO emision (FechaEmision,HoraEmision,precioInicial,idCine,nombreSala,codPeli) VALUES ('2023-02-17','00:00','10.99','GC','Sala 03','7');
INSERT INTO emision (FechaEmision,HoraEmision,precioInicial,idCine,nombreSala,codPeli) VALUES ('2023-02-17','15:00','10.99','GC','Sala 03','10');
INSERT INTO emision (FechaEmision,HoraEmision,precioInicial,idCine,nombreSala,codPeli) VALUES ('2023-02-17','18:00','14.99','GC','Sala 03','10');
INSERT INTO emision (FechaEmision,HoraEmision,precioInicial,idCine,nombreSala,codPeli) VALUES ('2023-02-17','21:00','14.99','GC','Sala 03','14');
INSERT INTO emision (FechaEmision,HoraEmision,precioInicial,idCine,nombreSala,codPeli) VALUES ('2023-02-17','00:00','7.99','YC','Sala 01','8');
INSERT INTO emision (FechaEmision,HoraEmision,precioInicial,idCine,nombreSala,codPeli) VALUES ('2023-02-17','15:00','7.99','YC','Sala 01','13');
INSERT INTO emision (FechaEmision,HoraEmision,precioInicial,idCine,nombreSala,codPeli) VALUES ('2023-02-17','18:00','10.99','YC','Sala 01','11');
INSERT INTO emision (FechaEmision,HoraEmision,precioInicial,idCine,nombreSala,codPeli) VALUES ('2023-02-17','21:00','14.99','YC','Sala 01','13');
INSERT INTO emision (FechaEmision,HoraEmision,precioInicial,idCine,nombreSala,codPeli) VALUES ('2023-02-17','00:00','10.99','YC','Sala 02','9');
INSERT INTO emision (FechaEmision,HoraEmision,precioInicial,idCine,nombreSala,codPeli) VALUES ('2023-02-17','15:00','10.99','YC','Sala 02','8');
INSERT INTO emision (FechaEmision,HoraEmision,precioInicial,idCine,nombreSala,codPeli) VALUES ('2023-02-17','18:00','4.99','YC','Sala 02','14');
INSERT INTO emision (FechaEmision,HoraEmision,precioInicial,idCine,nombreSala,codPeli) VALUES ('2023-02-17','21:00','7.99','YC','Sala 02','4');
INSERT INTO emision (FechaEmision,HoraEmision,precioInicial,idCine,nombreSala,codPeli) VALUES ('2023-02-17','00:00','14.99','YC','Sala 03','4');
INSERT INTO emision (FechaEmision,HoraEmision,precioInicial,idCine,nombreSala,codPeli) VALUES ('2023-02-17','15:00','7.99','YC','Sala 03','6');
INSERT INTO emision (FechaEmision,HoraEmision,precioInicial,idCine,nombreSala,codPeli) VALUES ('2023-02-17','18:00','7.99','YC','Sala 03','5');
INSERT INTO emision (FechaEmision,HoraEmision,precioInicial,idCine,nombreSala,codPeli) VALUES ('2023-02-17','21:00','14.99','YC','Sala 03','13');
INSERT INTO emision (FechaEmision,HoraEmision,precioInicial,idCine,nombreSala,codPeli) VALUES ('2023-02-17','00:00','7.99','ZB','Sala 01','13');
INSERT INTO emision (FechaEmision,HoraEmision,precioInicial,idCine,nombreSala,codPeli) VALUES ('2023-02-17','15:00','10.99','ZB','Sala 01','2');
INSERT INTO emision (FechaEmision,HoraEmision,precioInicial,idCine,nombreSala,codPeli) VALUES ('2023-02-17','18:00','7.99','ZB','Sala 01','3');
INSERT INTO emision (FechaEmision,HoraEmision,precioInicial,idCine,nombreSala,codPeli) VALUES ('2023-02-17','21:00','4.99','ZB','Sala 01','5');
INSERT INTO emision (FechaEmision,HoraEmision,precioInicial,idCine,nombreSala,codPeli) VALUES ('2023-02-17','00:00','7.99','ZB','Sala 02','11');
INSERT INTO emision (FechaEmision,HoraEmision,precioInicial,idCine,nombreSala,codPeli) VALUES ('2023-02-17','15:00','14.99','ZB','Sala 02','13');
INSERT INTO emision (FechaEmision,HoraEmision,precioInicial,idCine,nombreSala,codPeli) VALUES ('2023-02-17','18:00','14.99','ZB','Sala 02','8');
INSERT INTO emision (FechaEmision,HoraEmision,precioInicial,idCine,nombreSala,codPeli) VALUES ('2023-02-17','21:00','4.99','ZB','Sala 02','1');
INSERT INTO emision (FechaEmision,HoraEmision,precioInicial,idCine,nombreSala,codPeli) VALUES ('2023-02-17','00:00','10.99','ZB','Sala 03','14');
INSERT INTO emision (FechaEmision,HoraEmision,precioInicial,idCine,nombreSala,codPeli) VALUES ('2023-02-17','15:00','7.99','ZB','Sala 03','13');
INSERT INTO emision (FechaEmision,HoraEmision,precioInicial,idCine,nombreSala,codPeli) VALUES ('2023-02-17','18:00','7.99','ZB','Sala 03','7');
INSERT INTO emision (FechaEmision,HoraEmision,precioInicial,idCine,nombreSala,codPeli) VALUES ('2023-02-17','21:00','4.99','ZB','Sala 03','8');
INSERT INTO emision (FechaEmision,HoraEmision,precioInicial,idCine,nombreSala,codPeli) VALUES ('2023-02-18','00:00','4.99','GC','Sala 01','4');
INSERT INTO emision (FechaEmision,HoraEmision,precioInicial,idCine,nombreSala,codPeli) VALUES ('2023-02-18','15:00','14.99','GC','Sala 01','3');
INSERT INTO emision (FechaEmision,HoraEmision,precioInicial,idCine,nombreSala,codPeli) VALUES ('2023-02-18','18:00','4.99','GC','Sala 01','9');
INSERT INTO emision (FechaEmision,HoraEmision,precioInicial,idCine,nombreSala,codPeli) VALUES ('2023-02-18','21:00','4.99','GC','Sala 01','12');
INSERT INTO emision (FechaEmision,HoraEmision,precioInicial,idCine,nombreSala,codPeli) VALUES ('2023-02-18','00:00','4.99','GC','Sala 02','1');
INSERT INTO emision (FechaEmision,HoraEmision,precioInicial,idCine,nombreSala,codPeli) VALUES ('2023-02-18','15:00','4.99','GC','Sala 02','1');
INSERT INTO emision (FechaEmision,HoraEmision,precioInicial,idCine,nombreSala,codPeli) VALUES ('2023-02-18','18:00','7.99','GC','Sala 02','6');
INSERT INTO emision (FechaEmision,HoraEmision,precioInicial,idCine,nombreSala,codPeli) VALUES ('2023-02-18','21:00','10.99','GC','Sala 02','15');
INSERT INTO emision (FechaEmision,HoraEmision,precioInicial,idCine,nombreSala,codPeli) VALUES ('2023-02-18','00:00','7.99','GC','Sala 03','9');
INSERT INTO emision (FechaEmision,HoraEmision,precioInicial,idCine,nombreSala,codPeli) VALUES ('2023-02-18','15:00','7.99','GC','Sala 03','6');
INSERT INTO emision (FechaEmision,HoraEmision,precioInicial,idCine,nombreSala,codPeli) VALUES ('2023-02-18','18:00','10.99','GC','Sala 03','13');
INSERT INTO emision (FechaEmision,HoraEmision,precioInicial,idCine,nombreSala,codPeli) VALUES ('2023-02-18','21:00','14.99','GC','Sala 03','7');
INSERT INTO emision (FechaEmision,HoraEmision,precioInicial,idCine,nombreSala,codPeli) VALUES ('2023-02-18','00:00','14.99','YC','Sala 01','13');
INSERT INTO emision (FechaEmision,HoraEmision,precioInicial,idCine,nombreSala,codPeli) VALUES ('2023-02-18','15:00','4.99','YC','Sala 01','1');
INSERT INTO emision (FechaEmision,HoraEmision,precioInicial,idCine,nombreSala,codPeli) VALUES ('2023-02-18','18:00','14.99','YC','Sala 01','15');
INSERT INTO emision (FechaEmision,HoraEmision,precioInicial,idCine,nombreSala,codPeli) VALUES ('2023-02-18','21:00','10.99','YC','Sala 01','6');
INSERT INTO emision (FechaEmision,HoraEmision,precioInicial,idCine,nombreSala,codPeli) VALUES ('2023-02-18','00:00','14.99','YC','Sala 02','6');
INSERT INTO emision (FechaEmision,HoraEmision,precioInicial,idCine,nombreSala,codPeli) VALUES ('2023-02-18','15:00','7.99','YC','Sala 02','8');
INSERT INTO emision (FechaEmision,HoraEmision,precioInicial,idCine,nombreSala,codPeli) VALUES ('2023-02-18','18:00','14.99','YC','Sala 02','4');
INSERT INTO emision (FechaEmision,HoraEmision,precioInicial,idCine,nombreSala,codPeli) VALUES ('2023-02-18','21:00','10.99','YC','Sala 02','7');
INSERT INTO emision (FechaEmision,HoraEmision,precioInicial,idCine,nombreSala,codPeli) VALUES ('2023-02-18','00:00','4.99','YC','Sala 03','7');
INSERT INTO emision (FechaEmision,HoraEmision,precioInicial,idCine,nombreSala,codPeli) VALUES ('2023-02-18','15:00','4.99','YC','Sala 03','14');
INSERT INTO emision (FechaEmision,HoraEmision,precioInicial,idCine,nombreSala,codPeli) VALUES ('2023-02-18','18:00','7.99','YC','Sala 03','9');
INSERT INTO emision (FechaEmision,HoraEmision,precioInicial,idCine,nombreSala,codPeli) VALUES ('2023-02-18','21:00','10.99','YC','Sala 03','15');
INSERT INTO emision (FechaEmision,HoraEmision,precioInicial,idCine,nombreSala,codPeli) VALUES ('2023-02-18','00:00','7.99','ZB','Sala 01','4');
INSERT INTO emision (FechaEmision,HoraEmision,precioInicial,idCine,nombreSala,codPeli) VALUES ('2023-02-18','15:00','7.99','ZB','Sala 01','5');
INSERT INTO emision (FechaEmision,HoraEmision,precioInicial,idCine,nombreSala,codPeli) VALUES ('2023-02-18','18:00','14.99','ZB','Sala 01','6');
INSERT INTO emision (FechaEmision,HoraEmision,precioInicial,idCine,nombreSala,codPeli) VALUES ('2023-02-18','21:00','4.99','ZB','Sala 01','8');
INSERT INTO emision (FechaEmision,HoraEmision,precioInicial,idCine,nombreSala,codPeli) VALUES ('2023-02-18','00:00','10.99','ZB','Sala 02','8');
INSERT INTO emision (FechaEmision,HoraEmision,precioInicial,idCine,nombreSala,codPeli) VALUES ('2023-02-18','15:00','10.99','ZB','Sala 02','6');
INSERT INTO emision (FechaEmision,HoraEmision,precioInicial,idCine,nombreSala,codPeli) VALUES ('2023-02-18','18:00','14.99','ZB','Sala 02','12');
INSERT INTO emision (FechaEmision,HoraEmision,precioInicial,idCine,nombreSala,codPeli) VALUES ('2023-02-18','21:00','10.99','ZB','Sala 02','12');
INSERT INTO emision (FechaEmision,HoraEmision,precioInicial,idCine,nombreSala,codPeli) VALUES ('2023-02-18','00:00','4.99','ZB','Sala 03','9');
INSERT INTO emision (FechaEmision,HoraEmision,precioInicial,idCine,nombreSala,codPeli) VALUES ('2023-02-18','15:00','14.99','ZB','Sala 03','11');
INSERT INTO emision (FechaEmision,HoraEmision,precioInicial,idCine,nombreSala,codPeli) VALUES ('2023-02-18','18:00','4.99','ZB','Sala 03','14');
INSERT INTO emision (FechaEmision,HoraEmision,precioInicial,idCine,nombreSala,codPeli) VALUES ('2023-02-18','21:00','10.99','ZB','Sala 03','13');
INSERT INTO emision (FechaEmision,HoraEmision,precioInicial,idCine,nombreSala,codPeli) VALUES ('2023-02-19','00:00','7.99','GC','Sala 01','10');
INSERT INTO emision (FechaEmision,HoraEmision,precioInicial,idCine,nombreSala,codPeli) VALUES ('2023-02-19','15:00','10.99','GC','Sala 01','13');
INSERT INTO emision (FechaEmision,HoraEmision,precioInicial,idCine,nombreSala,codPeli) VALUES ('2023-02-19','18:00','4.99','GC','Sala 01','12');
INSERT INTO emision (FechaEmision,HoraEmision,precioInicial,idCine,nombreSala,codPeli) VALUES ('2023-02-19','21:00','14.99','GC','Sala 01','13');
INSERT INTO emision (FechaEmision,HoraEmision,precioInicial,idCine,nombreSala,codPeli) VALUES ('2023-02-19','00:00','14.99','GC','Sala 02','1');
INSERT INTO emision (FechaEmision,HoraEmision,precioInicial,idCine,nombreSala,codPeli) VALUES ('2023-02-19','15:00','10.99','GC','Sala 02','4');
INSERT INTO emision (FechaEmision,HoraEmision,precioInicial,idCine,nombreSala,codPeli) VALUES ('2023-02-19','18:00','14.99','GC','Sala 02','7');
INSERT INTO emision (FechaEmision,HoraEmision,precioInicial,idCine,nombreSala,codPeli) VALUES ('2023-02-19','21:00','7.99','GC','Sala 02','10');
INSERT INTO emision (FechaEmision,HoraEmision,precioInicial,idCine,nombreSala,codPeli) VALUES ('2023-02-19','00:00','10.99','GC','Sala 03','14');
INSERT INTO emision (FechaEmision,HoraEmision,precioInicial,idCine,nombreSala,codPeli) VALUES ('2023-02-19','15:00','7.99','GC','Sala 03','7');
INSERT INTO emision (FechaEmision,HoraEmision,precioInicial,idCine,nombreSala,codPeli) VALUES ('2023-02-19','18:00','4.99','GC','Sala 03','7');
INSERT INTO emision (FechaEmision,HoraEmision,precioInicial,idCine,nombreSala,codPeli) VALUES ('2023-02-19','21:00','7.99','GC','Sala 03','3');
INSERT INTO emision (FechaEmision,HoraEmision,precioInicial,idCine,nombreSala,codPeli) VALUES ('2023-02-19','00:00','10.99','YC','Sala 01','1');
INSERT INTO emision (FechaEmision,HoraEmision,precioInicial,idCine,nombreSala,codPeli) VALUES ('2023-02-19','15:00','7.99','YC','Sala 01','2');
INSERT INTO emision (FechaEmision,HoraEmision,precioInicial,idCine,nombreSala,codPeli) VALUES ('2023-02-19','18:00','4.99','YC','Sala 01','7');
INSERT INTO emision (FechaEmision,HoraEmision,precioInicial,idCine,nombreSala,codPeli) VALUES ('2023-02-19','21:00','10.99','YC','Sala 01','6');
INSERT INTO emision (FechaEmision,HoraEmision,precioInicial,idCine,nombreSala,codPeli) VALUES ('2023-02-19','00:00','7.99','YC','Sala 02','8');
INSERT INTO emision (FechaEmision,HoraEmision,precioInicial,idCine,nombreSala,codPeli) VALUES ('2023-02-19','15:00','4.99','YC','Sala 02','2');
INSERT INTO emision (FechaEmision,HoraEmision,precioInicial,idCine,nombreSala,codPeli) VALUES ('2023-02-19','18:00','10.99','YC','Sala 02','12');
INSERT INTO emision (FechaEmision,HoraEmision,precioInicial,idCine,nombreSala,codPeli) VALUES ('2023-02-19','21:00','10.99','YC','Sala 02','1');
INSERT INTO emision (FechaEmision,HoraEmision,precioInicial,idCine,nombreSala,codPeli) VALUES ('2023-02-19','00:00','14.99','YC','Sala 03','11');
INSERT INTO emision (FechaEmision,HoraEmision,precioInicial,idCine,nombreSala,codPeli) VALUES ('2023-02-19','15:00','7.99','YC','Sala 03','2');
INSERT INTO emision (FechaEmision,HoraEmision,precioInicial,idCine,nombreSala,codPeli) VALUES ('2023-02-19','18:00','14.99','YC','Sala 03','1');
INSERT INTO emision (FechaEmision,HoraEmision,precioInicial,idCine,nombreSala,codPeli) VALUES ('2023-02-19','21:00','14.99','YC','Sala 03','9');
INSERT INTO emision (FechaEmision,HoraEmision,precioInicial,idCine,nombreSala,codPeli) VALUES ('2023-02-19','00:00','14.99','ZB','Sala 01','11');
INSERT INTO emision (FechaEmision,HoraEmision,precioInicial,idCine,nombreSala,codPeli) VALUES ('2023-02-19','15:00','4.99','ZB','Sala 01','12');
INSERT INTO emision (FechaEmision,HoraEmision,precioInicial,idCine,nombreSala,codPeli) VALUES ('2023-02-19','18:00','7.99','ZB','Sala 01','9');
INSERT INTO emision (FechaEmision,HoraEmision,precioInicial,idCine,nombreSala,codPeli) VALUES ('2023-02-19','21:00','10.99','ZB','Sala 01','7');
INSERT INTO emision (FechaEmision,HoraEmision,precioInicial,idCine,nombreSala,codPeli) VALUES ('2023-02-19','00:00','7.99','ZB','Sala 02','10');
INSERT INTO emision (FechaEmision,HoraEmision,precioInicial,idCine,nombreSala,codPeli) VALUES ('2023-02-19','15:00','7.99','ZB','Sala 02','10');
INSERT INTO emision (FechaEmision,HoraEmision,precioInicial,idCine,nombreSala,codPeli) VALUES ('2023-02-19','18:00','14.99','ZB','Sala 02','12');
INSERT INTO emision (FechaEmision,HoraEmision,precioInicial,idCine,nombreSala,codPeli) VALUES ('2023-02-19','21:00','14.99','ZB','Sala 02','8');
INSERT INTO emision (FechaEmision,HoraEmision,precioInicial,idCine,nombreSala,codPeli) VALUES ('2023-02-19','00:00','10.99','ZB','Sala 03','10');
INSERT INTO emision (FechaEmision,HoraEmision,precioInicial,idCine,nombreSala,codPeli) VALUES ('2023-02-19','15:00','10.99','ZB','Sala 03','9');
INSERT INTO emision (FechaEmision,HoraEmision,precioInicial,idCine,nombreSala,codPeli) VALUES ('2023-02-19','18:00','7.99','ZB','Sala 03','14');
INSERT INTO emision (FechaEmision,HoraEmision,precioInicial,idCine,nombreSala,codPeli) VALUES ('2023-02-19','21:00','14.99','ZB','Sala 03','13');
INSERT INTO emision (FechaEmision,HoraEmision,precioInicial,idCine,nombreSala,codPeli) VALUES ('2023-02-20','00:00','10.99','GC','Sala 01','12');
INSERT INTO emision (FechaEmision,HoraEmision,precioInicial,idCine,nombreSala,codPeli) VALUES ('2023-02-20','15:00','10.99','GC','Sala 01','15');
INSERT INTO emision (FechaEmision,HoraEmision,precioInicial,idCine,nombreSala,codPeli) VALUES ('2023-02-20','18:00','7.99','GC','Sala 01','14');
INSERT INTO emision (FechaEmision,HoraEmision,precioInicial,idCine,nombreSala,codPeli) VALUES ('2023-02-20','21:00','10.99','GC','Sala 01','14');
INSERT INTO emision (FechaEmision,HoraEmision,precioInicial,idCine,nombreSala,codPeli) VALUES ('2023-02-20','00:00','4.99','GC','Sala 02','11');
INSERT INTO emision (FechaEmision,HoraEmision,precioInicial,idCine,nombreSala,codPeli) VALUES ('2023-02-20','15:00','14.99','GC','Sala 02','7');
INSERT INTO emision (FechaEmision,HoraEmision,precioInicial,idCine,nombreSala,codPeli) VALUES ('2023-02-20','18:00','14.99','GC','Sala 02','2');
INSERT INTO emision (FechaEmision,HoraEmision,precioInicial,idCine,nombreSala,codPeli) VALUES ('2023-02-20','21:00','7.99','GC','Sala 02','10');
INSERT INTO emision (FechaEmision,HoraEmision,precioInicial,idCine,nombreSala,codPeli) VALUES ('2023-02-20','00:00','14.99','GC','Sala 03','8');
INSERT INTO emision (FechaEmision,HoraEmision,precioInicial,idCine,nombreSala,codPeli) VALUES ('2023-02-20','15:00','7.99','GC','Sala 03','14');
INSERT INTO emision (FechaEmision,HoraEmision,precioInicial,idCine,nombreSala,codPeli) VALUES ('2023-02-20','18:00','10.99','GC','Sala 03','4');
INSERT INTO emision (FechaEmision,HoraEmision,precioInicial,idCine,nombreSala,codPeli) VALUES ('2023-02-20','21:00','14.99','GC','Sala 03','14');
INSERT INTO emision (FechaEmision,HoraEmision,precioInicial,idCine,nombreSala,codPeli) VALUES ('2023-02-20','00:00','4.99','YC','Sala 01','2');
INSERT INTO emision (FechaEmision,HoraEmision,precioInicial,idCine,nombreSala,codPeli) VALUES ('2023-02-20','15:00','4.99','YC','Sala 01','15');
INSERT INTO emision (FechaEmision,HoraEmision,precioInicial,idCine,nombreSala,codPeli) VALUES ('2023-02-20','18:00','4.99','YC','Sala 01','9');
INSERT INTO emision (FechaEmision,HoraEmision,precioInicial,idCine,nombreSala,codPeli) VALUES ('2023-02-20','21:00','14.99','YC','Sala 01','14');
INSERT INTO emision (FechaEmision,HoraEmision,precioInicial,idCine,nombreSala,codPeli) VALUES ('2023-02-20','00:00','7.99','YC','Sala 02','11');
INSERT INTO emision (FechaEmision,HoraEmision,precioInicial,idCine,nombreSala,codPeli) VALUES ('2023-02-20','15:00','14.99','YC','Sala 02','13');
INSERT INTO emision (FechaEmision,HoraEmision,precioInicial,idCine,nombreSala,codPeli) VALUES ('2023-02-20','18:00','10.99','YC','Sala 02','13');
INSERT INTO emision (FechaEmision,HoraEmision,precioInicial,idCine,nombreSala,codPeli) VALUES ('2023-02-20','21:00','7.99','YC','Sala 02','4');
INSERT INTO emision (FechaEmision,HoraEmision,precioInicial,idCine,nombreSala,codPeli) VALUES ('2023-02-20','00:00','4.99','YC','Sala 03','11');
INSERT INTO emision (FechaEmision,HoraEmision,precioInicial,idCine,nombreSala,codPeli) VALUES ('2023-02-20','15:00','7.99','YC','Sala 03','6');
INSERT INTO emision (FechaEmision,HoraEmision,precioInicial,idCine,nombreSala,codPeli) VALUES ('2023-02-20','18:00','4.99','YC','Sala 03','12');
INSERT INTO emision (FechaEmision,HoraEmision,precioInicial,idCine,nombreSala,codPeli) VALUES ('2023-02-20','21:00','14.99','YC','Sala 03','14');
INSERT INTO emision (FechaEmision,HoraEmision,precioInicial,idCine,nombreSala,codPeli) VALUES ('2023-02-20','00:00','10.99','ZB','Sala 01','1');
INSERT INTO emision (FechaEmision,HoraEmision,precioInicial,idCine,nombreSala,codPeli) VALUES ('2023-02-20','15:00','7.99','ZB','Sala 01','15');
INSERT INTO emision (FechaEmision,HoraEmision,precioInicial,idCine,nombreSala,codPeli) VALUES ('2023-02-20','18:00','14.99','ZB','Sala 01','1');
INSERT INTO emision (FechaEmision,HoraEmision,precioInicial,idCine,nombreSala,codPeli) VALUES ('2023-02-20','21:00','4.99','ZB','Sala 01','1');
INSERT INTO emision (FechaEmision,HoraEmision,precioInicial,idCine,nombreSala,codPeli) VALUES ('2023-02-20','00:00','14.99','ZB','Sala 02','11');
INSERT INTO emision (FechaEmision,HoraEmision,precioInicial,idCine,nombreSala,codPeli) VALUES ('2023-02-20','15:00','4.99','ZB','Sala 02','9');
INSERT INTO emision (FechaEmision,HoraEmision,precioInicial,idCine,nombreSala,codPeli) VALUES ('2023-02-20','18:00','14.99','ZB','Sala 02','11');
INSERT INTO emision (FechaEmision,HoraEmision,precioInicial,idCine,nombreSala,codPeli) VALUES ('2023-02-20','21:00','4.99','ZB','Sala 02','15');
INSERT INTO emision (FechaEmision,HoraEmision,precioInicial,idCine,nombreSala,codPeli) VALUES ('2023-02-20','00:00','7.99','ZB','Sala 03','13');
INSERT INTO emision (FechaEmision,HoraEmision,precioInicial,idCine,nombreSala,codPeli) VALUES ('2023-02-20','15:00','7.99','ZB','Sala 03','1');
INSERT INTO emision (FechaEmision,HoraEmision,precioInicial,idCine,nombreSala,codPeli) VALUES ('2023-02-20','18:00','10.99','ZB','Sala 03','8');
INSERT INTO emision (FechaEmision,HoraEmision,precioInicial,idCine,nombreSala,codPeli) VALUES ('2023-02-20','21:00','7.99','ZB','Sala 03','9');
INSERT INTO emision (FechaEmision,HoraEmision,precioInicial,idCine,nombreSala,codPeli) VALUES ('2023-02-21','00:00','7.99','GC','Sala 01','11');
INSERT INTO emision (FechaEmision,HoraEmision,precioInicial,idCine,nombreSala,codPeli) VALUES ('2023-02-21','15:00','14.99','GC','Sala 01','5');
INSERT INTO emision (FechaEmision,HoraEmision,precioInicial,idCine,nombreSala,codPeli) VALUES ('2023-02-21','18:00','14.99','GC','Sala 01','12');
INSERT INTO emision (FechaEmision,HoraEmision,precioInicial,idCine,nombreSala,codPeli) VALUES ('2023-02-21','21:00','10.99','GC','Sala 01','14');
INSERT INTO emision (FechaEmision,HoraEmision,precioInicial,idCine,nombreSala,codPeli) VALUES ('2023-02-21','00:00','10.99','GC','Sala 02','4');
INSERT INTO emision (FechaEmision,HoraEmision,precioInicial,idCine,nombreSala,codPeli) VALUES ('2023-02-21','15:00','4.99','GC','Sala 02','1');
INSERT INTO emision (FechaEmision,HoraEmision,precioInicial,idCine,nombreSala,codPeli) VALUES ('2023-02-21','18:00','10.99','GC','Sala 02','1');
INSERT INTO emision (FechaEmision,HoraEmision,precioInicial,idCine,nombreSala,codPeli) VALUES ('2023-02-21','21:00','14.99','GC','Sala 02','2');
INSERT INTO emision (FechaEmision,HoraEmision,precioInicial,idCine,nombreSala,codPeli) VALUES ('2023-02-21','00:00','4.99','GC','Sala 03','2');
INSERT INTO emision (FechaEmision,HoraEmision,precioInicial,idCine,nombreSala,codPeli) VALUES ('2023-02-21','15:00','10.99','GC','Sala 03','2');
INSERT INTO emision (FechaEmision,HoraEmision,precioInicial,idCine,nombreSala,codPeli) VALUES ('2023-02-21','18:00','10.99','GC','Sala 03','9');
INSERT INTO emision (FechaEmision,HoraEmision,precioInicial,idCine,nombreSala,codPeli) VALUES ('2023-02-21','21:00','14.99','GC','Sala 03','13');
INSERT INTO emision (FechaEmision,HoraEmision,precioInicial,idCine,nombreSala,codPeli) VALUES ('2023-02-21','00:00','14.99','YC','Sala 01','10');
INSERT INTO emision (FechaEmision,HoraEmision,precioInicial,idCine,nombreSala,codPeli) VALUES ('2023-02-21','15:00','14.99','YC','Sala 01','10');
INSERT INTO emision (FechaEmision,HoraEmision,precioInicial,idCine,nombreSala,codPeli) VALUES ('2023-02-21','18:00','14.99','YC','Sala 01','14');
INSERT INTO emision (FechaEmision,HoraEmision,precioInicial,idCine,nombreSala,codPeli) VALUES ('2023-02-21','21:00','4.99','YC','Sala 01','10');
INSERT INTO emision (FechaEmision,HoraEmision,precioInicial,idCine,nombreSala,codPeli) VALUES ('2023-02-21','00:00','7.99','YC','Sala 02','6');
INSERT INTO emision (FechaEmision,HoraEmision,precioInicial,idCine,nombreSala,codPeli) VALUES ('2023-02-21','15:00','14.99','YC','Sala 02','11');
INSERT INTO emision (FechaEmision,HoraEmision,precioInicial,idCine,nombreSala,codPeli) VALUES ('2023-02-21','18:00','14.99','YC','Sala 02','7');
INSERT INTO emision (FechaEmision,HoraEmision,precioInicial,idCine,nombreSala,codPeli) VALUES ('2023-02-21','21:00','7.99','YC','Sala 02','6');
INSERT INTO emision (FechaEmision,HoraEmision,precioInicial,idCine,nombreSala,codPeli) VALUES ('2023-02-21','00:00','4.99','YC','Sala 03','2');
INSERT INTO emision (FechaEmision,HoraEmision,precioInicial,idCine,nombreSala,codPeli) VALUES ('2023-02-21','15:00','14.99','YC','Sala 03','12');
INSERT INTO emision (FechaEmision,HoraEmision,precioInicial,idCine,nombreSala,codPeli) VALUES ('2023-02-21','18:00','10.99','YC','Sala 03','12');
INSERT INTO emision (FechaEmision,HoraEmision,precioInicial,idCine,nombreSala,codPeli) VALUES ('2023-02-21','21:00','10.99','YC','Sala 03','6');
INSERT INTO emision (FechaEmision,HoraEmision,precioInicial,idCine,nombreSala,codPeli) VALUES ('2023-02-21','00:00','14.99','ZB','Sala 01','4');
INSERT INTO emision (FechaEmision,HoraEmision,precioInicial,idCine,nombreSala,codPeli) VALUES ('2023-02-21','15:00','4.99','ZB','Sala 01','1');
INSERT INTO emision (FechaEmision,HoraEmision,precioInicial,idCine,nombreSala,codPeli) VALUES ('2023-02-21','18:00','14.99','ZB','Sala 01','14');
INSERT INTO emision (FechaEmision,HoraEmision,precioInicial,idCine,nombreSala,codPeli) VALUES ('2023-02-21','21:00','10.99','ZB','Sala 01','7');
INSERT INTO emision (FechaEmision,HoraEmision,precioInicial,idCine,nombreSala,codPeli) VALUES ('2023-02-21','00:00','4.99','ZB','Sala 02','9');
INSERT INTO emision (FechaEmision,HoraEmision,precioInicial,idCine,nombreSala,codPeli) VALUES ('2023-02-21','15:00','4.99','ZB','Sala 02','4');
INSERT INTO emision (FechaEmision,HoraEmision,precioInicial,idCine,nombreSala,codPeli) VALUES ('2023-02-21','18:00','7.99','ZB','Sala 02','1');
INSERT INTO emision (FechaEmision,HoraEmision,precioInicial,idCine,nombreSala,codPeli) VALUES ('2023-02-21','21:00','10.99','ZB','Sala 02','11');
INSERT INTO emision (FechaEmision,HoraEmision,precioInicial,idCine,nombreSala,codPeli) VALUES ('2023-02-21','00:00','10.99','ZB','Sala 03','7');
INSERT INTO emision (FechaEmision,HoraEmision,precioInicial,idCine,nombreSala,codPeli) VALUES ('2023-02-21','15:00','7.99','ZB','Sala 03','2');
INSERT INTO emision (FechaEmision,HoraEmision,precioInicial,idCine,nombreSala,codPeli) VALUES ('2023-02-21','18:00','10.99','ZB','Sala 03','12');
INSERT INTO emision (FechaEmision,HoraEmision,precioInicial,idCine,nombreSala,codPeli) VALUES ('2023-02-21','21:00','10.99','ZB','Sala 03','15');
INSERT INTO emision (FechaEmision,HoraEmision,precioInicial,idCine,nombreSala,codPeli) VALUES ('2023-02-22','00:00','7.99','GC','Sala 01','6');
INSERT INTO emision (FechaEmision,HoraEmision,precioInicial,idCine,nombreSala,codPeli) VALUES ('2023-02-22','15:00','14.99','GC','Sala 01','4');
INSERT INTO emision (FechaEmision,HoraEmision,precioInicial,idCine,nombreSala,codPeli) VALUES ('2023-02-22','18:00','7.99','GC','Sala 01','9');
INSERT INTO emision (FechaEmision,HoraEmision,precioInicial,idCine,nombreSala,codPeli) VALUES ('2023-02-22','21:00','10.99','GC','Sala 01','3');
INSERT INTO emision (FechaEmision,HoraEmision,precioInicial,idCine,nombreSala,codPeli) VALUES ('2023-02-22','00:00','7.99','GC','Sala 02','5');
INSERT INTO emision (FechaEmision,HoraEmision,precioInicial,idCine,nombreSala,codPeli) VALUES ('2023-02-22','15:00','10.99','GC','Sala 02','11');
INSERT INTO emision (FechaEmision,HoraEmision,precioInicial,idCine,nombreSala,codPeli) VALUES ('2023-02-22','18:00','10.99','GC','Sala 02','1');
INSERT INTO emision (FechaEmision,HoraEmision,precioInicial,idCine,nombreSala,codPeli) VALUES ('2023-02-22','21:00','7.99','GC','Sala 02','7');
INSERT INTO emision (FechaEmision,HoraEmision,precioInicial,idCine,nombreSala,codPeli) VALUES ('2023-02-22','00:00','7.99','GC','Sala 03','7');
INSERT INTO emision (FechaEmision,HoraEmision,precioInicial,idCine,nombreSala,codPeli) VALUES ('2023-02-22','15:00','10.99','GC','Sala 03','11');
INSERT INTO emision (FechaEmision,HoraEmision,precioInicial,idCine,nombreSala,codPeli) VALUES ('2023-02-22','18:00','4.99','GC','Sala 03','12');
INSERT INTO emision (FechaEmision,HoraEmision,precioInicial,idCine,nombreSala,codPeli) VALUES ('2023-02-22','21:00','14.99','GC','Sala 03','9');
INSERT INTO emision (FechaEmision,HoraEmision,precioInicial,idCine,nombreSala,codPeli) VALUES ('2023-02-22','00:00','4.99','YC','Sala 01','14');
INSERT INTO emision (FechaEmision,HoraEmision,precioInicial,idCine,nombreSala,codPeli) VALUES ('2023-02-22','15:00','14.99','YC','Sala 01','9');
INSERT INTO emision (FechaEmision,HoraEmision,precioInicial,idCine,nombreSala,codPeli) VALUES ('2023-02-22','18:00','10.99','YC','Sala 01','13');
INSERT INTO emision (FechaEmision,HoraEmision,precioInicial,idCine,nombreSala,codPeli) VALUES ('2023-02-22','21:00','14.99','YC','Sala 01','6');
INSERT INTO emision (FechaEmision,HoraEmision,precioInicial,idCine,nombreSala,codPeli) VALUES ('2023-02-22','00:00','4.99','YC','Sala 02','4');
INSERT INTO emision (FechaEmision,HoraEmision,precioInicial,idCine,nombreSala,codPeli) VALUES ('2023-02-22','15:00','7.99','YC','Sala 02','2');
INSERT INTO emision (FechaEmision,HoraEmision,precioInicial,idCine,nombreSala,codPeli) VALUES ('2023-02-22','18:00','10.99','YC','Sala 02','2');
INSERT INTO emision (FechaEmision,HoraEmision,precioInicial,idCine,nombreSala,codPeli) VALUES ('2023-02-22','21:00','10.99','YC','Sala 02','14');
INSERT INTO emision (FechaEmision,HoraEmision,precioInicial,idCine,nombreSala,codPeli) VALUES ('2023-02-22','00:00','7.99','YC','Sala 03','11');
INSERT INTO emision (FechaEmision,HoraEmision,precioInicial,idCine,nombreSala,codPeli) VALUES ('2023-02-22','15:00','10.99','YC','Sala 03','7');
INSERT INTO emision (FechaEmision,HoraEmision,precioInicial,idCine,nombreSala,codPeli) VALUES ('2023-02-22','18:00','4.99','YC','Sala 03','12');
INSERT INTO emision (FechaEmision,HoraEmision,precioInicial,idCine,nombreSala,codPeli) VALUES ('2023-02-22','21:00','14.99','YC','Sala 03','11');
INSERT INTO emision (FechaEmision,HoraEmision,precioInicial,idCine,nombreSala,codPeli) VALUES ('2023-02-22','00:00','4.99','ZB','Sala 01','2');
INSERT INTO emision (FechaEmision,HoraEmision,precioInicial,idCine,nombreSala,codPeli) VALUES ('2023-02-22','15:00','14.99','ZB','Sala 01','12');
INSERT INTO emision (FechaEmision,HoraEmision,precioInicial,idCine,nombreSala,codPeli) VALUES ('2023-02-22','18:00','7.99','ZB','Sala 01','12');
INSERT INTO emision (FechaEmision,HoraEmision,precioInicial,idCine,nombreSala,codPeli) VALUES ('2023-02-22','21:00','14.99','ZB','Sala 01','15');
INSERT INTO emision (FechaEmision,HoraEmision,precioInicial,idCine,nombreSala,codPeli) VALUES ('2023-02-22','00:00','4.99','ZB','Sala 02','3');
INSERT INTO emision (FechaEmision,HoraEmision,precioInicial,idCine,nombreSala,codPeli) VALUES ('2023-02-22','15:00','10.99','ZB','Sala 02','13');
INSERT INTO emision (FechaEmision,HoraEmision,precioInicial,idCine,nombreSala,codPeli) VALUES ('2023-02-22','18:00','4.99','ZB','Sala 02','3');
INSERT INTO emision (FechaEmision,HoraEmision,precioInicial,idCine,nombreSala,codPeli) VALUES ('2023-02-22','21:00','14.99','ZB','Sala 02','7');
INSERT INTO emision (FechaEmision,HoraEmision,precioInicial,idCine,nombreSala,codPeli) VALUES ('2023-02-22','00:00','7.99','ZB','Sala 03','15');
INSERT INTO emision (FechaEmision,HoraEmision,precioInicial,idCine,nombreSala,codPeli) VALUES ('2023-02-22','15:00','10.99','ZB','Sala 03','15');
INSERT INTO emision (FechaEmision,HoraEmision,precioInicial,idCine,nombreSala,codPeli) VALUES ('2023-02-22','18:00','7.99','ZB','Sala 03','3');
INSERT INTO emision (FechaEmision,HoraEmision,precioInicial,idCine,nombreSala,codPeli) VALUES ('2023-02-22','21:00','10.99','ZB','Sala 03','9');
INSERT INTO emision (FechaEmision,HoraEmision,precioInicial,idCine,nombreSala,codPeli) VALUES ('2023-02-23','00:00','4.99','GC','Sala 01','3');
INSERT INTO emision (FechaEmision,HoraEmision,precioInicial,idCine,nombreSala,codPeli) VALUES ('2023-02-23','15:00','14.99','GC','Sala 01','13');
INSERT INTO emision (FechaEmision,HoraEmision,precioInicial,idCine,nombreSala,codPeli) VALUES ('2023-02-23','18:00','7.99','GC','Sala 01','12');
INSERT INTO emision (FechaEmision,HoraEmision,precioInicial,idCine,nombreSala,codPeli) VALUES ('2023-02-23','21:00','7.99','GC','Sala 01','10');
INSERT INTO emision (FechaEmision,HoraEmision,precioInicial,idCine,nombreSala,codPeli) VALUES ('2023-02-23','00:00','7.99','GC','Sala 02','5');
INSERT INTO emision (FechaEmision,HoraEmision,precioInicial,idCine,nombreSala,codPeli) VALUES ('2023-02-23','15:00','4.99','GC','Sala 02','3');
INSERT INTO emision (FechaEmision,HoraEmision,precioInicial,idCine,nombreSala,codPeli) VALUES ('2023-02-23','18:00','14.99','GC','Sala 02','4');
INSERT INTO emision (FechaEmision,HoraEmision,precioInicial,idCine,nombreSala,codPeli) VALUES ('2023-02-23','21:00','10.99','GC','Sala 02','14');
INSERT INTO emision (FechaEmision,HoraEmision,precioInicial,idCine,nombreSala,codPeli) VALUES ('2023-02-23','00:00','14.99','GC','Sala 03','3');
INSERT INTO emision (FechaEmision,HoraEmision,precioInicial,idCine,nombreSala,codPeli) VALUES ('2023-02-23','15:00','4.99','GC','Sala 03','11');
INSERT INTO emision (FechaEmision,HoraEmision,precioInicial,idCine,nombreSala,codPeli) VALUES ('2023-02-23','18:00','4.99','GC','Sala 03','15');
INSERT INTO emision (FechaEmision,HoraEmision,precioInicial,idCine,nombreSala,codPeli) VALUES ('2023-02-23','21:00','7.99','GC','Sala 03','1');
INSERT INTO emision (FechaEmision,HoraEmision,precioInicial,idCine,nombreSala,codPeli) VALUES ('2023-02-23','00:00','7.99','YC','Sala 01','2');
INSERT INTO emision (FechaEmision,HoraEmision,precioInicial,idCine,nombreSala,codPeli) VALUES ('2023-02-23','15:00','4.99','YC','Sala 01','12');
INSERT INTO emision (FechaEmision,HoraEmision,precioInicial,idCine,nombreSala,codPeli) VALUES ('2023-02-23','18:00','7.99','YC','Sala 01','11');
INSERT INTO emision (FechaEmision,HoraEmision,precioInicial,idCine,nombreSala,codPeli) VALUES ('2023-02-23','21:00','10.99','YC','Sala 01','6');
INSERT INTO emision (FechaEmision,HoraEmision,precioInicial,idCine,nombreSala,codPeli) VALUES ('2023-02-23','00:00','10.99','YC','Sala 02','9');
INSERT INTO emision (FechaEmision,HoraEmision,precioInicial,idCine,nombreSala,codPeli) VALUES ('2023-02-23','15:00','7.99','YC','Sala 02','10');
INSERT INTO emision (FechaEmision,HoraEmision,precioInicial,idCine,nombreSala,codPeli) VALUES ('2023-02-23','18:00','4.99','YC','Sala 02','15');
INSERT INTO emision (FechaEmision,HoraEmision,precioInicial,idCine,nombreSala,codPeli) VALUES ('2023-02-23','21:00','14.99','YC','Sala 02','13');
INSERT INTO emision (FechaEmision,HoraEmision,precioInicial,idCine,nombreSala,codPeli) VALUES ('2023-02-23','00:00','10.99','YC','Sala 03','7');
INSERT INTO emision (FechaEmision,HoraEmision,precioInicial,idCine,nombreSala,codPeli) VALUES ('2023-02-23','15:00','10.99','YC','Sala 03','10');
INSERT INTO emision (FechaEmision,HoraEmision,precioInicial,idCine,nombreSala,codPeli) VALUES ('2023-02-23','18:00','4.99','YC','Sala 03','2');
INSERT INTO emision (FechaEmision,HoraEmision,precioInicial,idCine,nombreSala,codPeli) VALUES ('2023-02-23','21:00','10.99','YC','Sala 03','4');
INSERT INTO emision (FechaEmision,HoraEmision,precioInicial,idCine,nombreSala,codPeli) VALUES ('2023-02-23','00:00','7.99','ZB','Sala 01','3');
INSERT INTO emision (FechaEmision,HoraEmision,precioInicial,idCine,nombreSala,codPeli) VALUES ('2023-02-23','15:00','14.99','ZB','Sala 01','15');
INSERT INTO emision (FechaEmision,HoraEmision,precioInicial,idCine,nombreSala,codPeli) VALUES ('2023-02-23','18:00','4.99','ZB','Sala 01','3');
INSERT INTO emision (FechaEmision,HoraEmision,precioInicial,idCine,nombreSala,codPeli) VALUES ('2023-02-23','21:00','10.99','ZB','Sala 01','10');
INSERT INTO emision (FechaEmision,HoraEmision,precioInicial,idCine,nombreSala,codPeli) VALUES ('2023-02-23','00:00','14.99','ZB','Sala 02','2');
INSERT INTO emision (FechaEmision,HoraEmision,precioInicial,idCine,nombreSala,codPeli) VALUES ('2023-02-23','15:00','14.99','ZB','Sala 02','14');
INSERT INTO emision (FechaEmision,HoraEmision,precioInicial,idCine,nombreSala,codPeli) VALUES ('2023-02-23','18:00','4.99','ZB','Sala 02','14');
INSERT INTO emision (FechaEmision,HoraEmision,precioInicial,idCine,nombreSala,codPeli) VALUES ('2023-02-23','21:00','4.99','ZB','Sala 02','7');
INSERT INTO emision (FechaEmision,HoraEmision,precioInicial,idCine,nombreSala,codPeli) VALUES ('2023-02-23','00:00','14.99','ZB','Sala 03','6');
INSERT INTO emision (FechaEmision,HoraEmision,precioInicial,idCine,nombreSala,codPeli) VALUES ('2023-02-23','15:00','14.99','ZB','Sala 03','10');
INSERT INTO emision (FechaEmision,HoraEmision,precioInicial,idCine,nombreSala,codPeli) VALUES ('2023-02-23','18:00','14.99','ZB','Sala 03','10');
INSERT INTO emision (FechaEmision,HoraEmision,precioInicial,idCine,nombreSala,codPeli) VALUES ('2023-02-23','21:00','7.99','ZB','Sala 03','4');
INSERT INTO emision (FechaEmision,HoraEmision,precioInicial,idCine,nombreSala,codPeli) VALUES ('2023-02-24','00:00','4.99','GC','Sala 01','7');
INSERT INTO emision (FechaEmision,HoraEmision,precioInicial,idCine,nombreSala,codPeli) VALUES ('2023-02-24','15:00','4.99','GC','Sala 01','11');
INSERT INTO emision (FechaEmision,HoraEmision,precioInicial,idCine,nombreSala,codPeli) VALUES ('2023-02-24','18:00','4.99','GC','Sala 01','5');
INSERT INTO emision (FechaEmision,HoraEmision,precioInicial,idCine,nombreSala,codPeli) VALUES ('2023-02-24','21:00','10.99','GC','Sala 01','6');
INSERT INTO emision (FechaEmision,HoraEmision,precioInicial,idCine,nombreSala,codPeli) VALUES ('2023-02-24','00:00','14.99','GC','Sala 02','11');
INSERT INTO emision (FechaEmision,HoraEmision,precioInicial,idCine,nombreSala,codPeli) VALUES ('2023-02-24','15:00','14.99','GC','Sala 02','9');
INSERT INTO emision (FechaEmision,HoraEmision,precioInicial,idCine,nombreSala,codPeli) VALUES ('2023-02-24','18:00','4.99','GC','Sala 02','13');
INSERT INTO emision (FechaEmision,HoraEmision,precioInicial,idCine,nombreSala,codPeli) VALUES ('2023-02-24','21:00','14.99','GC','Sala 02','7');
INSERT INTO emision (FechaEmision,HoraEmision,precioInicial,idCine,nombreSala,codPeli) VALUES ('2023-02-24','00:00','14.99','GC','Sala 03','10');
INSERT INTO emision (FechaEmision,HoraEmision,precioInicial,idCine,nombreSala,codPeli) VALUES ('2023-02-24','15:00','4.99','GC','Sala 03','2');
INSERT INTO emision (FechaEmision,HoraEmision,precioInicial,idCine,nombreSala,codPeli) VALUES ('2023-02-24','18:00','10.99','GC','Sala 03','13');
INSERT INTO emision (FechaEmision,HoraEmision,precioInicial,idCine,nombreSala,codPeli) VALUES ('2023-02-24','21:00','7.99','GC','Sala 03','3');
INSERT INTO emision (FechaEmision,HoraEmision,precioInicial,idCine,nombreSala,codPeli) VALUES ('2023-02-24','00:00','7.99','YC','Sala 01','1');
INSERT INTO emision (FechaEmision,HoraEmision,precioInicial,idCine,nombreSala,codPeli) VALUES ('2023-02-24','15:00','10.99','YC','Sala 01','9');
INSERT INTO emision (FechaEmision,HoraEmision,precioInicial,idCine,nombreSala,codPeli) VALUES ('2023-02-24','18:00','7.99','YC','Sala 01','2');
INSERT INTO emision (FechaEmision,HoraEmision,precioInicial,idCine,nombreSala,codPeli) VALUES ('2023-02-24','21:00','7.99','YC','Sala 01','15');
INSERT INTO emision (FechaEmision,HoraEmision,precioInicial,idCine,nombreSala,codPeli) VALUES ('2023-02-24','00:00','7.99','YC','Sala 02','14');
INSERT INTO emision (FechaEmision,HoraEmision,precioInicial,idCine,nombreSala,codPeli) VALUES ('2023-02-24','15:00','14.99','YC','Sala 02','1');
INSERT INTO emision (FechaEmision,HoraEmision,precioInicial,idCine,nombreSala,codPeli) VALUES ('2023-02-24','18:00','10.99','YC','Sala 02','6');
INSERT INTO emision (FechaEmision,HoraEmision,precioInicial,idCine,nombreSala,codPeli) VALUES ('2023-02-24','21:00','4.99','YC','Sala 02','9');
INSERT INTO emision (FechaEmision,HoraEmision,precioInicial,idCine,nombreSala,codPeli) VALUES ('2023-02-24','00:00','7.99','YC','Sala 03','13');
INSERT INTO emision (FechaEmision,HoraEmision,precioInicial,idCine,nombreSala,codPeli) VALUES ('2023-02-24','15:00','10.99','YC','Sala 03','10');
INSERT INTO emision (FechaEmision,HoraEmision,precioInicial,idCine,nombreSala,codPeli) VALUES ('2023-02-24','18:00','14.99','YC','Sala 03','14');
INSERT INTO emision (FechaEmision,HoraEmision,precioInicial,idCine,nombreSala,codPeli) VALUES ('2023-02-24','21:00','10.99','YC','Sala 03','12');
INSERT INTO emision (FechaEmision,HoraEmision,precioInicial,idCine,nombreSala,codPeli) VALUES ('2023-02-24','00:00','10.99','ZB','Sala 01','7');
INSERT INTO emision (FechaEmision,HoraEmision,precioInicial,idCine,nombreSala,codPeli) VALUES ('2023-02-24','15:00','10.99','ZB','Sala 01','1');
INSERT INTO emision (FechaEmision,HoraEmision,precioInicial,idCine,nombreSala,codPeli) VALUES ('2023-02-24','18:00','4.99','ZB','Sala 01','3');
INSERT INTO emision (FechaEmision,HoraEmision,precioInicial,idCine,nombreSala,codPeli) VALUES ('2023-02-24','21:00','4.99','ZB','Sala 01','10');
INSERT INTO emision (FechaEmision,HoraEmision,precioInicial,idCine,nombreSala,codPeli) VALUES ('2023-02-24','00:00','14.99','ZB','Sala 02','13');
INSERT INTO emision (FechaEmision,HoraEmision,precioInicial,idCine,nombreSala,codPeli) VALUES ('2023-02-24','15:00','10.99','ZB','Sala 02','13');
INSERT INTO emision (FechaEmision,HoraEmision,precioInicial,idCine,nombreSala,codPeli) VALUES ('2023-02-24','18:00','10.99','ZB','Sala 02','8');
INSERT INTO emision (FechaEmision,HoraEmision,precioInicial,idCine,nombreSala,codPeli) VALUES ('2023-02-24','21:00','10.99','ZB','Sala 02','2');
INSERT INTO emision (FechaEmision,HoraEmision,precioInicial,idCine,nombreSala,codPeli) VALUES ('2023-02-24','00:00','10.99','ZB','Sala 03','3');
INSERT INTO emision (FechaEmision,HoraEmision,precioInicial,idCine,nombreSala,codPeli) VALUES ('2023-02-24','15:00','14.99','ZB','Sala 03','13');
INSERT INTO emision (FechaEmision,HoraEmision,precioInicial,idCine,nombreSala,codPeli) VALUES ('2023-02-24','18:00','4.99','ZB','Sala 03','9');
INSERT INTO emision (FechaEmision,HoraEmision,precioInicial,idCine,nombreSala,codPeli) VALUES ('2023-02-24','21:00','14.99','ZB','Sala 03','6');
INSERT INTO emision (FechaEmision,HoraEmision,precioInicial,idCine,nombreSala,codPeli) VALUES ('2023-02-25','00:00','4.99','GC','Sala 01','4');
INSERT INTO emision (FechaEmision,HoraEmision,precioInicial,idCine,nombreSala,codPeli) VALUES ('2023-02-25','15:00','7.99','GC','Sala 01','2');
INSERT INTO emision (FechaEmision,HoraEmision,precioInicial,idCine,nombreSala,codPeli) VALUES ('2023-02-25','18:00','10.99','GC','Sala 01','4');
INSERT INTO emision (FechaEmision,HoraEmision,precioInicial,idCine,nombreSala,codPeli) VALUES ('2023-02-25','21:00','14.99','GC','Sala 01','8');
INSERT INTO emision (FechaEmision,HoraEmision,precioInicial,idCine,nombreSala,codPeli) VALUES ('2023-02-25','00:00','4.99','GC','Sala 02','1');
INSERT INTO emision (FechaEmision,HoraEmision,precioInicial,idCine,nombreSala,codPeli) VALUES ('2023-02-25','15:00','7.99','GC','Sala 02','10');
INSERT INTO emision (FechaEmision,HoraEmision,precioInicial,idCine,nombreSala,codPeli) VALUES ('2023-02-25','18:00','4.99','GC','Sala 02','2');
INSERT INTO emision (FechaEmision,HoraEmision,precioInicial,idCine,nombreSala,codPeli) VALUES ('2023-02-25','21:00','7.99','GC','Sala 02','14');
INSERT INTO emision (FechaEmision,HoraEmision,precioInicial,idCine,nombreSala,codPeli) VALUES ('2023-02-25','00:00','4.99','GC','Sala 03','14');
INSERT INTO emision (FechaEmision,HoraEmision,precioInicial,idCine,nombreSala,codPeli) VALUES ('2023-02-25','15:00','4.99','GC','Sala 03','15');
INSERT INTO emision (FechaEmision,HoraEmision,precioInicial,idCine,nombreSala,codPeli) VALUES ('2023-02-25','18:00','4.99','GC','Sala 03','12');
INSERT INTO emision (FechaEmision,HoraEmision,precioInicial,idCine,nombreSala,codPeli) VALUES ('2023-02-25','21:00','10.99','GC','Sala 03','4');
INSERT INTO emision (FechaEmision,HoraEmision,precioInicial,idCine,nombreSala,codPeli) VALUES ('2023-02-25','00:00','4.99','YC','Sala 01','4');
INSERT INTO emision (FechaEmision,HoraEmision,precioInicial,idCine,nombreSala,codPeli) VALUES ('2023-02-25','15:00','14.99','YC','Sala 01','8');
INSERT INTO emision (FechaEmision,HoraEmision,precioInicial,idCine,nombreSala,codPeli) VALUES ('2023-02-25','18:00','14.99','YC','Sala 01','11');
INSERT INTO emision (FechaEmision,HoraEmision,precioInicial,idCine,nombreSala,codPeli) VALUES ('2023-02-25','21:00','10.99','YC','Sala 01','11');
INSERT INTO emision (FechaEmision,HoraEmision,precioInicial,idCine,nombreSala,codPeli) VALUES ('2023-02-25','00:00','7.99','YC','Sala 02','2');
INSERT INTO emision (FechaEmision,HoraEmision,precioInicial,idCine,nombreSala,codPeli) VALUES ('2023-02-25','15:00','14.99','YC','Sala 02','10');
INSERT INTO emision (FechaEmision,HoraEmision,precioInicial,idCine,nombreSala,codPeli) VALUES ('2023-02-25','18:00','7.99','YC','Sala 02','9');
INSERT INTO emision (FechaEmision,HoraEmision,precioInicial,idCine,nombreSala,codPeli) VALUES ('2023-02-25','21:00','4.99','YC','Sala 02','4');
INSERT INTO emision (FechaEmision,HoraEmision,precioInicial,idCine,nombreSala,codPeli) VALUES ('2023-02-25','00:00','7.99','YC','Sala 03','4');
INSERT INTO emision (FechaEmision,HoraEmision,precioInicial,idCine,nombreSala,codPeli) VALUES ('2023-02-25','15:00','4.99','YC','Sala 03','2');
INSERT INTO emision (FechaEmision,HoraEmision,precioInicial,idCine,nombreSala,codPeli) VALUES ('2023-02-25','18:00','10.99','YC','Sala 03','9');
INSERT INTO emision (FechaEmision,HoraEmision,precioInicial,idCine,nombreSala,codPeli) VALUES ('2023-02-25','21:00','10.99','YC','Sala 03','6');
INSERT INTO emision (FechaEmision,HoraEmision,precioInicial,idCine,nombreSala,codPeli) VALUES ('2023-02-25','00:00','14.99','ZB','Sala 01','8');
INSERT INTO emision (FechaEmision,HoraEmision,precioInicial,idCine,nombreSala,codPeli) VALUES ('2023-02-25','15:00','10.99','ZB','Sala 01','12');
INSERT INTO emision (FechaEmision,HoraEmision,precioInicial,idCine,nombreSala,codPeli) VALUES ('2023-02-25','18:00','14.99','ZB','Sala 01','2');
INSERT INTO emision (FechaEmision,HoraEmision,precioInicial,idCine,nombreSala,codPeli) VALUES ('2023-02-25','21:00','7.99','ZB','Sala 01','7');
INSERT INTO emision (FechaEmision,HoraEmision,precioInicial,idCine,nombreSala,codPeli) VALUES ('2023-02-25','00:00','10.99','ZB','Sala 02','6');
INSERT INTO emision (FechaEmision,HoraEmision,precioInicial,idCine,nombreSala,codPeli) VALUES ('2023-02-25','15:00','10.99','ZB','Sala 02','13');
INSERT INTO emision (FechaEmision,HoraEmision,precioInicial,idCine,nombreSala,codPeli) VALUES ('2023-02-25','18:00','10.99','ZB','Sala 02','8');
INSERT INTO emision (FechaEmision,HoraEmision,precioInicial,idCine,nombreSala,codPeli) VALUES ('2023-02-25','21:00','7.99','ZB','Sala 02','2');
INSERT INTO emision (FechaEmision,HoraEmision,precioInicial,idCine,nombreSala,codPeli) VALUES ('2023-02-25','00:00','14.99','ZB','Sala 03','14');
INSERT INTO emision (FechaEmision,HoraEmision,precioInicial,idCine,nombreSala,codPeli) VALUES ('2023-02-25','15:00','10.99','ZB','Sala 03','9');
INSERT INTO emision (FechaEmision,HoraEmision,precioInicial,idCine,nombreSala,codPeli) VALUES ('2023-02-25','18:00','4.99','ZB','Sala 03','15');
INSERT INTO emision (FechaEmision,HoraEmision,precioInicial,idCine,nombreSala,codPeli) VALUES ('2023-02-25','21:00','4.99','ZB','Sala 03','14');
INSERT INTO emision (FechaEmision,HoraEmision,precioInicial,idCine,nombreSala,codPeli) VALUES ('2023-02-26','00:00','4.99','GC','Sala 01','4');
INSERT INTO emision (FechaEmision,HoraEmision,precioInicial,idCine,nombreSala,codPeli) VALUES ('2023-02-26','15:00','14.99','GC','Sala 01','2');
INSERT INTO emision (FechaEmision,HoraEmision,precioInicial,idCine,nombreSala,codPeli) VALUES ('2023-02-26','18:00','14.99','GC','Sala 01','1');
INSERT INTO emision (FechaEmision,HoraEmision,precioInicial,idCine,nombreSala,codPeli) VALUES ('2023-02-26','21:00','7.99','GC','Sala 01','6');
INSERT INTO emision (FechaEmision,HoraEmision,precioInicial,idCine,nombreSala,codPeli) VALUES ('2023-02-26','00:00','7.99','GC','Sala 02','6');
INSERT INTO emision (FechaEmision,HoraEmision,precioInicial,idCine,nombreSala,codPeli) VALUES ('2023-02-26','15:00','10.99','GC','Sala 02','3');
INSERT INTO emision (FechaEmision,HoraEmision,precioInicial,idCine,nombreSala,codPeli) VALUES ('2023-02-26','18:00','14.99','GC','Sala 02','4');
INSERT INTO emision (FechaEmision,HoraEmision,precioInicial,idCine,nombreSala,codPeli) VALUES ('2023-02-26','21:00','7.99','GC','Sala 02','6');
INSERT INTO emision (FechaEmision,HoraEmision,precioInicial,idCine,nombreSala,codPeli) VALUES ('2023-02-26','00:00','4.99','GC','Sala 03','3');
INSERT INTO emision (FechaEmision,HoraEmision,precioInicial,idCine,nombreSala,codPeli) VALUES ('2023-02-26','15:00','14.99','GC','Sala 03','2');
INSERT INTO emision (FechaEmision,HoraEmision,precioInicial,idCine,nombreSala,codPeli) VALUES ('2023-02-26','18:00','7.99','GC','Sala 03','9');
INSERT INTO emision (FechaEmision,HoraEmision,precioInicial,idCine,nombreSala,codPeli) VALUES ('2023-02-26','21:00','10.99','GC','Sala 03','3');
INSERT INTO emision (FechaEmision,HoraEmision,precioInicial,idCine,nombreSala,codPeli) VALUES ('2023-02-26','00:00','7.99','YC','Sala 01','11');
INSERT INTO emision (FechaEmision,HoraEmision,precioInicial,idCine,nombreSala,codPeli) VALUES ('2023-02-26','15:00','4.99','YC','Sala 01','4');
INSERT INTO emision (FechaEmision,HoraEmision,precioInicial,idCine,nombreSala,codPeli) VALUES ('2023-02-26','18:00','14.99','YC','Sala 01','11');
INSERT INTO emision (FechaEmision,HoraEmision,precioInicial,idCine,nombreSala,codPeli) VALUES ('2023-02-26','21:00','4.99','YC','Sala 01','4');
INSERT INTO emision (FechaEmision,HoraEmision,precioInicial,idCine,nombreSala,codPeli) VALUES ('2023-02-26','00:00','4.99','YC','Sala 02','13');
INSERT INTO emision (FechaEmision,HoraEmision,precioInicial,idCine,nombreSala,codPeli) VALUES ('2023-02-26','15:00','7.99','YC','Sala 02','13');
INSERT INTO emision (FechaEmision,HoraEmision,precioInicial,idCine,nombreSala,codPeli) VALUES ('2023-02-26','18:00','10.99','YC','Sala 02','11');
INSERT INTO emision (FechaEmision,HoraEmision,precioInicial,idCine,nombreSala,codPeli) VALUES ('2023-02-26','21:00','7.99','YC','Sala 02','3');
INSERT INTO emision (FechaEmision,HoraEmision,precioInicial,idCine,nombreSala,codPeli) VALUES ('2023-02-26','00:00','10.99','YC','Sala 03','14');
INSERT INTO emision (FechaEmision,HoraEmision,precioInicial,idCine,nombreSala,codPeli) VALUES ('2023-02-26','15:00','7.99','YC','Sala 03','13');
INSERT INTO emision (FechaEmision,HoraEmision,precioInicial,idCine,nombreSala,codPeli) VALUES ('2023-02-26','18:00','14.99','YC','Sala 03','10');
INSERT INTO emision (FechaEmision,HoraEmision,precioInicial,idCine,nombreSala,codPeli) VALUES ('2023-02-26','21:00','10.99','YC','Sala 03','15');
INSERT INTO emision (FechaEmision,HoraEmision,precioInicial,idCine,nombreSala,codPeli) VALUES ('2023-02-26','00:00','10.99','ZB','Sala 01','4');
INSERT INTO emision (FechaEmision,HoraEmision,precioInicial,idCine,nombreSala,codPeli) VALUES ('2023-02-26','15:00','14.99','ZB','Sala 01','9');
INSERT INTO emision (FechaEmision,HoraEmision,precioInicial,idCine,nombreSala,codPeli) VALUES ('2023-02-26','18:00','10.99','ZB','Sala 01','12');
INSERT INTO emision (FechaEmision,HoraEmision,precioInicial,idCine,nombreSala,codPeli) VALUES ('2023-02-26','21:00','7.99','ZB','Sala 01','10');
INSERT INTO emision (FechaEmision,HoraEmision,precioInicial,idCine,nombreSala,codPeli) VALUES ('2023-02-26','00:00','4.99','ZB','Sala 02','6');
INSERT INTO emision (FechaEmision,HoraEmision,precioInicial,idCine,nombreSala,codPeli) VALUES ('2023-02-26','15:00','7.99','ZB','Sala 02','5');
INSERT INTO emision (FechaEmision,HoraEmision,precioInicial,idCine,nombreSala,codPeli) VALUES ('2023-02-26','18:00','7.99','ZB','Sala 02','2');
INSERT INTO emision (FechaEmision,HoraEmision,precioInicial,idCine,nombreSala,codPeli) VALUES ('2023-02-26','21:00','14.99','ZB','Sala 02','10');
INSERT INTO emision (FechaEmision,HoraEmision,precioInicial,idCine,nombreSala,codPeli) VALUES ('2023-02-26','00:00','10.99','ZB','Sala 03','14');
INSERT INTO emision (FechaEmision,HoraEmision,precioInicial,idCine,nombreSala,codPeli) VALUES ('2023-02-26','15:00','4.99','ZB','Sala 03','15');
INSERT INTO emision (FechaEmision,HoraEmision,precioInicial,idCine,nombreSala,codPeli) VALUES ('2023-02-26','18:00','4.99','ZB','Sala 03','1');
INSERT INTO emision (FechaEmision,HoraEmision,precioInicial,idCine,nombreSala,codPeli) VALUES ('2023-02-26','21:00','10.99','ZB','Sala 03','2');
INSERT INTO emision (FechaEmision,HoraEmision,precioInicial,idCine,nombreSala,codPeli) VALUES ('2023-02-27','00:00','4.99','GC','Sala 01','9');
INSERT INTO emision (FechaEmision,HoraEmision,precioInicial,idCine,nombreSala,codPeli) VALUES ('2023-02-27','15:00','10.99','GC','Sala 01','14');
INSERT INTO emision (FechaEmision,HoraEmision,precioInicial,idCine,nombreSala,codPeli) VALUES ('2023-02-27','18:00','7.99','GC','Sala 01','2');
INSERT INTO emision (FechaEmision,HoraEmision,precioInicial,idCine,nombreSala,codPeli) VALUES ('2023-02-27','21:00','10.99','GC','Sala 01','13');
INSERT INTO emision (FechaEmision,HoraEmision,precioInicial,idCine,nombreSala,codPeli) VALUES ('2023-02-27','00:00','4.99','GC','Sala 02','5');
INSERT INTO emision (FechaEmision,HoraEmision,precioInicial,idCine,nombreSala,codPeli) VALUES ('2023-02-27','15:00','7.99','GC','Sala 02','1');
INSERT INTO emision (FechaEmision,HoraEmision,precioInicial,idCine,nombreSala,codPeli) VALUES ('2023-02-27','18:00','14.99','GC','Sala 02','13');
INSERT INTO emision (FechaEmision,HoraEmision,precioInicial,idCine,nombreSala,codPeli) VALUES ('2023-02-27','21:00','14.99','GC','Sala 02','11');
INSERT INTO emision (FechaEmision,HoraEmision,precioInicial,idCine,nombreSala,codPeli) VALUES ('2023-02-27','00:00','7.99','GC','Sala 03','6');
INSERT INTO emision (FechaEmision,HoraEmision,precioInicial,idCine,nombreSala,codPeli) VALUES ('2023-02-27','15:00','10.99','GC','Sala 03','15');
INSERT INTO emision (FechaEmision,HoraEmision,precioInicial,idCine,nombreSala,codPeli) VALUES ('2023-02-27','18:00','4.99','GC','Sala 03','8');
INSERT INTO emision (FechaEmision,HoraEmision,precioInicial,idCine,nombreSala,codPeli) VALUES ('2023-02-27','21:00','7.99','GC','Sala 03','9');
INSERT INTO emision (FechaEmision,HoraEmision,precioInicial,idCine,nombreSala,codPeli) VALUES ('2023-02-27','00:00','7.99','YC','Sala 01','13');
INSERT INTO emision (FechaEmision,HoraEmision,precioInicial,idCine,nombreSala,codPeli) VALUES ('2023-02-27','15:00','4.99','YC','Sala 01','4');
INSERT INTO emision (FechaEmision,HoraEmision,precioInicial,idCine,nombreSala,codPeli) VALUES ('2023-02-27','18:00','7.99','YC','Sala 01','12');
INSERT INTO emision (FechaEmision,HoraEmision,precioInicial,idCine,nombreSala,codPeli) VALUES ('2023-02-27','21:00','4.99','YC','Sala 01','9');
INSERT INTO emision (FechaEmision,HoraEmision,precioInicial,idCine,nombreSala,codPeli) VALUES ('2023-02-27','00:00','10.99','YC','Sala 02','1');
INSERT INTO emision (FechaEmision,HoraEmision,precioInicial,idCine,nombreSala,codPeli) VALUES ('2023-02-27','15:00','10.99','YC','Sala 02','11');
INSERT INTO emision (FechaEmision,HoraEmision,precioInicial,idCine,nombreSala,codPeli) VALUES ('2023-02-27','18:00','7.99','YC','Sala 02','10');
INSERT INTO emision (FechaEmision,HoraEmision,precioInicial,idCine,nombreSala,codPeli) VALUES ('2023-02-27','21:00','4.99','YC','Sala 02','7');
INSERT INTO emision (FechaEmision,HoraEmision,precioInicial,idCine,nombreSala,codPeli) VALUES ('2023-02-27','00:00','4.99','YC','Sala 03','6');
INSERT INTO emision (FechaEmision,HoraEmision,precioInicial,idCine,nombreSala,codPeli) VALUES ('2023-02-27','15:00','14.99','YC','Sala 03','3');
INSERT INTO emision (FechaEmision,HoraEmision,precioInicial,idCine,nombreSala,codPeli) VALUES ('2023-02-27','18:00','4.99','YC','Sala 03','6');
INSERT INTO emision (FechaEmision,HoraEmision,precioInicial,idCine,nombreSala,codPeli) VALUES ('2023-02-27','21:00','14.99','YC','Sala 03','8');
INSERT INTO emision (FechaEmision,HoraEmision,precioInicial,idCine,nombreSala,codPeli) VALUES ('2023-02-27','00:00','10.99','ZB','Sala 01','7');
INSERT INTO emision (FechaEmision,HoraEmision,precioInicial,idCine,nombreSala,codPeli) VALUES ('2023-02-27','15:00','4.99','ZB','Sala 01','9');
INSERT INTO emision (FechaEmision,HoraEmision,precioInicial,idCine,nombreSala,codPeli) VALUES ('2023-02-27','18:00','10.99','ZB','Sala 01','1');
INSERT INTO emision (FechaEmision,HoraEmision,precioInicial,idCine,nombreSala,codPeli) VALUES ('2023-02-27','21:00','4.99','ZB','Sala 01','15');
INSERT INTO emision (FechaEmision,HoraEmision,precioInicial,idCine,nombreSala,codPeli) VALUES ('2023-02-27','00:00','7.99','ZB','Sala 02','14');
INSERT INTO emision (FechaEmision,HoraEmision,precioInicial,idCine,nombreSala,codPeli) VALUES ('2023-02-27','15:00','14.99','ZB','Sala 02','10');
INSERT INTO emision (FechaEmision,HoraEmision,precioInicial,idCine,nombreSala,codPeli) VALUES ('2023-02-27','18:00','4.99','ZB','Sala 02','5');
INSERT INTO emision (FechaEmision,HoraEmision,precioInicial,idCine,nombreSala,codPeli) VALUES ('2023-02-27','21:00','14.99','ZB','Sala 02','5');
INSERT INTO emision (FechaEmision,HoraEmision,precioInicial,idCine,nombreSala,codPeli) VALUES ('2023-02-27','00:00','7.99','ZB','Sala 03','12');
INSERT INTO emision (FechaEmision,HoraEmision,precioInicial,idCine,nombreSala,codPeli) VALUES ('2023-02-27','15:00','4.99','ZB','Sala 03','2');
INSERT INTO emision (FechaEmision,HoraEmision,precioInicial,idCine,nombreSala,codPeli) VALUES ('2023-02-27','18:00','4.99','ZB','Sala 03','6');
INSERT INTO emision (FechaEmision,HoraEmision,precioInicial,idCine,nombreSala,codPeli) VALUES ('2023-02-27','21:00','4.99','ZB','Sala 03','3');
INSERT INTO emision (FechaEmision,HoraEmision,precioInicial,idCine,nombreSala,codPeli) VALUES ('2023-02-28','00:00','10.99','GC','Sala 01','12');
INSERT INTO emision (FechaEmision,HoraEmision,precioInicial,idCine,nombreSala,codPeli) VALUES ('2023-02-28','15:00','10.99','GC','Sala 01','7');
INSERT INTO emision (FechaEmision,HoraEmision,precioInicial,idCine,nombreSala,codPeli) VALUES ('2023-02-28','18:00','4.99','GC','Sala 01','9');
INSERT INTO emision (FechaEmision,HoraEmision,precioInicial,idCine,nombreSala,codPeli) VALUES ('2023-02-28','21:00','14.99','GC','Sala 01','9');
INSERT INTO emision (FechaEmision,HoraEmision,precioInicial,idCine,nombreSala,codPeli) VALUES ('2023-02-28','00:00','4.99','GC','Sala 02','3');
INSERT INTO emision (FechaEmision,HoraEmision,precioInicial,idCine,nombreSala,codPeli) VALUES ('2023-02-28','15:00','14.99','GC','Sala 02','4');
INSERT INTO emision (FechaEmision,HoraEmision,precioInicial,idCine,nombreSala,codPeli) VALUES ('2023-02-28','18:00','14.99','GC','Sala 02','2');
INSERT INTO emision (FechaEmision,HoraEmision,precioInicial,idCine,nombreSala,codPeli) VALUES ('2023-02-28','21:00','4.99','GC','Sala 02','4');
INSERT INTO emision (FechaEmision,HoraEmision,precioInicial,idCine,nombreSala,codPeli) VALUES ('2023-02-28','00:00','7.99','GC','Sala 03','6');
INSERT INTO emision (FechaEmision,HoraEmision,precioInicial,idCine,nombreSala,codPeli) VALUES ('2023-02-28','15:00','14.99','GC','Sala 03','11');
INSERT INTO emision (FechaEmision,HoraEmision,precioInicial,idCine,nombreSala,codPeli) VALUES ('2023-02-28','18:00','10.99','GC','Sala 03','9');
INSERT INTO emision (FechaEmision,HoraEmision,precioInicial,idCine,nombreSala,codPeli) VALUES ('2023-02-28','21:00','4.99','GC','Sala 03','11');
INSERT INTO emision (FechaEmision,HoraEmision,precioInicial,idCine,nombreSala,codPeli) VALUES ('2023-02-28','00:00','7.99','YC','Sala 01','7');
INSERT INTO emision (FechaEmision,HoraEmision,precioInicial,idCine,nombreSala,codPeli) VALUES ('2023-02-28','15:00','4.99','YC','Sala 01','10');
INSERT INTO emision (FechaEmision,HoraEmision,precioInicial,idCine,nombreSala,codPeli) VALUES ('2023-02-28','18:00','4.99','YC','Sala 01','13');
INSERT INTO emision (FechaEmision,HoraEmision,precioInicial,idCine,nombreSala,codPeli) VALUES ('2023-02-28','21:00','10.99','YC','Sala 01','11');
INSERT INTO emision (FechaEmision,HoraEmision,precioInicial,idCine,nombreSala,codPeli) VALUES ('2023-02-28','00:00','14.99','YC','Sala 02','5');
INSERT INTO emision (FechaEmision,HoraEmision,precioInicial,idCine,nombreSala,codPeli) VALUES ('2023-02-28','15:00','10.99','YC','Sala 02','13');
INSERT INTO emision (FechaEmision,HoraEmision,precioInicial,idCine,nombreSala,codPeli) VALUES ('2023-02-28','18:00','10.99','YC','Sala 02','3');
INSERT INTO emision (FechaEmision,HoraEmision,precioInicial,idCine,nombreSala,codPeli) VALUES ('2023-02-28','21:00','10.99','YC','Sala 02','9');
INSERT INTO emision (FechaEmision,HoraEmision,precioInicial,idCine,nombreSala,codPeli) VALUES ('2023-02-28','00:00','10.99','YC','Sala 03','15');
INSERT INTO emision (FechaEmision,HoraEmision,precioInicial,idCine,nombreSala,codPeli) VALUES ('2023-02-28','15:00','4.99','YC','Sala 03','2');
INSERT INTO emision (FechaEmision,HoraEmision,precioInicial,idCine,nombreSala,codPeli) VALUES ('2023-02-28','18:00','10.99','YC','Sala 03','5');
INSERT INTO emision (FechaEmision,HoraEmision,precioInicial,idCine,nombreSala,codPeli) VALUES ('2023-02-28','21:00','10.99','YC','Sala 03','3');
INSERT INTO emision (FechaEmision,HoraEmision,precioInicial,idCine,nombreSala,codPeli) VALUES ('2023-02-28','00:00','10.99','ZB','Sala 01','10');
INSERT INTO emision (FechaEmision,HoraEmision,precioInicial,idCine,nombreSala,codPeli) VALUES ('2023-02-28','15:00','10.99','ZB','Sala 01','7');
INSERT INTO emision (FechaEmision,HoraEmision,precioInicial,idCine,nombreSala,codPeli) VALUES ('2023-02-28','18:00','7.99','ZB','Sala 01','3');
INSERT INTO emision (FechaEmision,HoraEmision,precioInicial,idCine,nombreSala,codPeli) VALUES ('2023-02-28','21:00','7.99','ZB','Sala 01','8');
INSERT INTO emision (FechaEmision,HoraEmision,precioInicial,idCine,nombreSala,codPeli) VALUES ('2023-02-28','00:00','7.99','ZB','Sala 02','10');
INSERT INTO emision (FechaEmision,HoraEmision,precioInicial,idCine,nombreSala,codPeli) VALUES ('2023-02-28','15:00','14.99','ZB','Sala 02','10');
INSERT INTO emision (FechaEmision,HoraEmision,precioInicial,idCine,nombreSala,codPeli) VALUES ('2023-02-28','18:00','7.99','ZB','Sala 02','14');
INSERT INTO emision (FechaEmision,HoraEmision,precioInicial,idCine,nombreSala,codPeli) VALUES ('2023-02-28','21:00','7.99','ZB','Sala 02','1');
INSERT INTO emision (FechaEmision,HoraEmision,precioInicial,idCine,nombreSala,codPeli) VALUES ('2023-02-28','00:00','4.99','ZB','Sala 03','2');
INSERT INTO emision (FechaEmision,HoraEmision,precioInicial,idCine,nombreSala,codPeli) VALUES ('2023-02-28','15:00','14.99','ZB','Sala 03','4');
INSERT INTO emision (FechaEmision,HoraEmision,precioInicial,idCine,nombreSala,codPeli) VALUES ('2023-02-28','18:00','10.99','ZB','Sala 03','8');
INSERT INTO emision (FechaEmision,HoraEmision,precioInicial,idCine,nombreSala,codPeli) VALUES ('2023-02-28','21:00','14.99','ZB','Sala 03','11');
INSERT INTO emision (FechaEmision,HoraEmision,precioInicial,idCine,nombreSala,codPeli) VALUES ('2023-03-01','00:00','4.99','GC','Sala 01','14');
INSERT INTO emision (FechaEmision,HoraEmision,precioInicial,idCine,nombreSala,codPeli) VALUES ('2023-03-01','15:00','7.99','GC','Sala 01','6');
INSERT INTO emision (FechaEmision,HoraEmision,precioInicial,idCine,nombreSala,codPeli) VALUES ('2023-03-01','18:00','14.99','GC','Sala 01','12');
INSERT INTO emision (FechaEmision,HoraEmision,precioInicial,idCine,nombreSala,codPeli) VALUES ('2023-03-01','21:00','4.99','GC','Sala 01','9');
INSERT INTO emision (FechaEmision,HoraEmision,precioInicial,idCine,nombreSala,codPeli) VALUES ('2023-03-01','00:00','14.99','GC','Sala 02','6');
INSERT INTO emision (FechaEmision,HoraEmision,precioInicial,idCine,nombreSala,codPeli) VALUES ('2023-03-01','15:00','14.99','GC','Sala 02','10');
INSERT INTO emision (FechaEmision,HoraEmision,precioInicial,idCine,nombreSala,codPeli) VALUES ('2023-03-01','18:00','14.99','GC','Sala 02','5');
INSERT INTO emision (FechaEmision,HoraEmision,precioInicial,idCine,nombreSala,codPeli) VALUES ('2023-03-01','21:00','7.99','GC','Sala 02','6');
INSERT INTO emision (FechaEmision,HoraEmision,precioInicial,idCine,nombreSala,codPeli) VALUES ('2023-03-01','00:00','10.99','GC','Sala 03','7');
INSERT INTO emision (FechaEmision,HoraEmision,precioInicial,idCine,nombreSala,codPeli) VALUES ('2023-03-01','15:00','4.99','GC','Sala 03','11');
INSERT INTO emision (FechaEmision,HoraEmision,precioInicial,idCine,nombreSala,codPeli) VALUES ('2023-03-01','18:00','14.99','GC','Sala 03','13');
INSERT INTO emision (FechaEmision,HoraEmision,precioInicial,idCine,nombreSala,codPeli) VALUES ('2023-03-01','21:00','4.99','GC','Sala 03','2');
INSERT INTO emision (FechaEmision,HoraEmision,precioInicial,idCine,nombreSala,codPeli) VALUES ('2023-03-01','00:00','10.99','YC','Sala 01','6');
INSERT INTO emision (FechaEmision,HoraEmision,precioInicial,idCine,nombreSala,codPeli) VALUES ('2023-03-01','15:00','10.99','YC','Sala 01','13');
INSERT INTO emision (FechaEmision,HoraEmision,precioInicial,idCine,nombreSala,codPeli) VALUES ('2023-03-01','18:00','7.99','YC','Sala 01','13');
INSERT INTO emision (FechaEmision,HoraEmision,precioInicial,idCine,nombreSala,codPeli) VALUES ('2023-03-01','21:00','4.99','YC','Sala 01','14');
INSERT INTO emision (FechaEmision,HoraEmision,precioInicial,idCine,nombreSala,codPeli) VALUES ('2023-03-01','00:00','14.99','YC','Sala 02','8');
INSERT INTO emision (FechaEmision,HoraEmision,precioInicial,idCine,nombreSala,codPeli) VALUES ('2023-03-01','15:00','14.99','YC','Sala 02','3');
INSERT INTO emision (FechaEmision,HoraEmision,precioInicial,idCine,nombreSala,codPeli) VALUES ('2023-03-01','18:00','4.99','YC','Sala 02','4');
INSERT INTO emision (FechaEmision,HoraEmision,precioInicial,idCine,nombreSala,codPeli) VALUES ('2023-03-01','21:00','10.99','YC','Sala 02','5');
INSERT INTO emision (FechaEmision,HoraEmision,precioInicial,idCine,nombreSala,codPeli) VALUES ('2023-03-01','00:00','7.99','YC','Sala 03','3');
INSERT INTO emision (FechaEmision,HoraEmision,precioInicial,idCine,nombreSala,codPeli) VALUES ('2023-03-01','15:00','14.99','YC','Sala 03','6');
INSERT INTO emision (FechaEmision,HoraEmision,precioInicial,idCine,nombreSala,codPeli) VALUES ('2023-03-01','18:00','7.99','YC','Sala 03','6');
INSERT INTO emision (FechaEmision,HoraEmision,precioInicial,idCine,nombreSala,codPeli) VALUES ('2023-03-01','21:00','10.99','YC','Sala 03','9');
INSERT INTO emision (FechaEmision,HoraEmision,precioInicial,idCine,nombreSala,codPeli) VALUES ('2023-03-01','00:00','4.99','ZB','Sala 01','8');
INSERT INTO emision (FechaEmision,HoraEmision,precioInicial,idCine,nombreSala,codPeli) VALUES ('2023-03-01','15:00','10.99','ZB','Sala 01','1');
INSERT INTO emision (FechaEmision,HoraEmision,precioInicial,idCine,nombreSala,codPeli) VALUES ('2023-03-01','18:00','4.99','ZB','Sala 01','5');
INSERT INTO emision (FechaEmision,HoraEmision,precioInicial,idCine,nombreSala,codPeli) VALUES ('2023-03-01','21:00','14.99','ZB','Sala 01','15');
INSERT INTO emision (FechaEmision,HoraEmision,precioInicial,idCine,nombreSala,codPeli) VALUES ('2023-03-01','00:00','7.99','ZB','Sala 02','4');
INSERT INTO emision (FechaEmision,HoraEmision,precioInicial,idCine,nombreSala,codPeli) VALUES ('2023-03-01','15:00','4.99','ZB','Sala 02','15');
INSERT INTO emision (FechaEmision,HoraEmision,precioInicial,idCine,nombreSala,codPeli) VALUES ('2023-03-01','18:00','14.99','ZB','Sala 02','1');
INSERT INTO emision (FechaEmision,HoraEmision,precioInicial,idCine,nombreSala,codPeli) VALUES ('2023-03-01','21:00','10.99','ZB','Sala 02','1');
INSERT INTO emision (FechaEmision,HoraEmision,precioInicial,idCine,nombreSala,codPeli) VALUES ('2023-03-01','00:00','14.99','ZB','Sala 03','3');
INSERT INTO emision (FechaEmision,HoraEmision,precioInicial,idCine,nombreSala,codPeli) VALUES ('2023-03-01','15:00','14.99','ZB','Sala 03','1');
INSERT INTO emision (FechaEmision,HoraEmision,precioInicial,idCine,nombreSala,codPeli) VALUES ('2023-03-01','18:00','10.99','ZB','Sala 03','5');
INSERT INTO emision (FechaEmision,HoraEmision,precioInicial,idCine,nombreSala,codPeli) VALUES ('2023-03-01','21:00','10.99','ZB','Sala 03','11');
INSERT INTO emision (FechaEmision,HoraEmision,precioInicial,idCine,nombreSala,codPeli) VALUES ('2023-03-02','00:00','4.99','GC','Sala 01','1');
INSERT INTO emision (FechaEmision,HoraEmision,precioInicial,idCine,nombreSala,codPeli) VALUES ('2023-03-02','15:00','14.99','GC','Sala 01','5');
INSERT INTO emision (FechaEmision,HoraEmision,precioInicial,idCine,nombreSala,codPeli) VALUES ('2023-03-02','18:00','7.99','GC','Sala 01','1');
INSERT INTO emision (FechaEmision,HoraEmision,precioInicial,idCine,nombreSala,codPeli) VALUES ('2023-03-02','21:00','14.99','GC','Sala 01','12');
INSERT INTO emision (FechaEmision,HoraEmision,precioInicial,idCine,nombreSala,codPeli) VALUES ('2023-03-02','00:00','10.99','GC','Sala 02','5');
INSERT INTO emision (FechaEmision,HoraEmision,precioInicial,idCine,nombreSala,codPeli) VALUES ('2023-03-02','15:00','7.99','GC','Sala 02','1');
INSERT INTO emision (FechaEmision,HoraEmision,precioInicial,idCine,nombreSala,codPeli) VALUES ('2023-03-02','18:00','10.99','GC','Sala 02','13');
INSERT INTO emision (FechaEmision,HoraEmision,precioInicial,idCine,nombreSala,codPeli) VALUES ('2023-03-02','21:00','14.99','GC','Sala 02','10');
INSERT INTO emision (FechaEmision,HoraEmision,precioInicial,idCine,nombreSala,codPeli) VALUES ('2023-03-02','00:00','10.99','GC','Sala 03','7');
INSERT INTO emision (FechaEmision,HoraEmision,precioInicial,idCine,nombreSala,codPeli) VALUES ('2023-03-02','15:00','4.99','GC','Sala 03','13');
INSERT INTO emision (FechaEmision,HoraEmision,precioInicial,idCine,nombreSala,codPeli) VALUES ('2023-03-02','18:00','7.99','GC','Sala 03','7');
INSERT INTO emision (FechaEmision,HoraEmision,precioInicial,idCine,nombreSala,codPeli) VALUES ('2023-03-02','21:00','14.99','GC','Sala 03','8');
INSERT INTO emision (FechaEmision,HoraEmision,precioInicial,idCine,nombreSala,codPeli) VALUES ('2023-03-02','00:00','14.99','YC','Sala 01','3');
INSERT INTO emision (FechaEmision,HoraEmision,precioInicial,idCine,nombreSala,codPeli) VALUES ('2023-03-02','15:00','7.99','YC','Sala 01','4');
INSERT INTO emision (FechaEmision,HoraEmision,precioInicial,idCine,nombreSala,codPeli) VALUES ('2023-03-02','18:00','4.99','YC','Sala 01','12');
INSERT INTO emision (FechaEmision,HoraEmision,precioInicial,idCine,nombreSala,codPeli) VALUES ('2023-03-02','21:00','14.99','YC','Sala 01','1');
INSERT INTO emision (FechaEmision,HoraEmision,precioInicial,idCine,nombreSala,codPeli) VALUES ('2023-03-02','00:00','10.99','YC','Sala 02','9');
INSERT INTO emision (FechaEmision,HoraEmision,precioInicial,idCine,nombreSala,codPeli) VALUES ('2023-03-02','15:00','7.99','YC','Sala 02','2');
INSERT INTO emision (FechaEmision,HoraEmision,precioInicial,idCine,nombreSala,codPeli) VALUES ('2023-03-02','18:00','10.99','YC','Sala 02','9');
INSERT INTO emision (FechaEmision,HoraEmision,precioInicial,idCine,nombreSala,codPeli) VALUES ('2023-03-02','21:00','10.99','YC','Sala 02','3');
INSERT INTO emision (FechaEmision,HoraEmision,precioInicial,idCine,nombreSala,codPeli) VALUES ('2023-03-02','00:00','10.99','YC','Sala 03','13');
INSERT INTO emision (FechaEmision,HoraEmision,precioInicial,idCine,nombreSala,codPeli) VALUES ('2023-03-02','15:00','10.99','YC','Sala 03','10');
INSERT INTO emision (FechaEmision,HoraEmision,precioInicial,idCine,nombreSala,codPeli) VALUES ('2023-03-02','18:00','10.99','YC','Sala 03','15');
INSERT INTO emision (FechaEmision,HoraEmision,precioInicial,idCine,nombreSala,codPeli) VALUES ('2023-03-02','21:00','7.99','YC','Sala 03','4');
INSERT INTO emision (FechaEmision,HoraEmision,precioInicial,idCine,nombreSala,codPeli) VALUES ('2023-03-02','00:00','10.99','ZB','Sala 01','11');
INSERT INTO emision (FechaEmision,HoraEmision,precioInicial,idCine,nombreSala,codPeli) VALUES ('2023-03-02','15:00','14.99','ZB','Sala 01','3');
INSERT INTO emision (FechaEmision,HoraEmision,precioInicial,idCine,nombreSala,codPeli) VALUES ('2023-03-02','18:00','7.99','ZB','Sala 01','1');
INSERT INTO emision (FechaEmision,HoraEmision,precioInicial,idCine,nombreSala,codPeli) VALUES ('2023-03-02','21:00','4.99','ZB','Sala 01','12');
INSERT INTO emision (FechaEmision,HoraEmision,precioInicial,idCine,nombreSala,codPeli) VALUES ('2023-03-02','00:00','4.99','ZB','Sala 02','11');
INSERT INTO emision (FechaEmision,HoraEmision,precioInicial,idCine,nombreSala,codPeli) VALUES ('2023-03-02','15:00','10.99','ZB','Sala 02','9');
INSERT INTO emision (FechaEmision,HoraEmision,precioInicial,idCine,nombreSala,codPeli) VALUES ('2023-03-02','18:00','14.99','ZB','Sala 02','4');
INSERT INTO emision (FechaEmision,HoraEmision,precioInicial,idCine,nombreSala,codPeli) VALUES ('2023-03-02','21:00','14.99','ZB','Sala 02','8');
INSERT INTO emision (FechaEmision,HoraEmision,precioInicial,idCine,nombreSala,codPeli) VALUES ('2023-03-02','00:00','10.99','ZB','Sala 03','13');
INSERT INTO emision (FechaEmision,HoraEmision,precioInicial,idCine,nombreSala,codPeli) VALUES ('2023-03-02','15:00','10.99','ZB','Sala 03','8');
INSERT INTO emision (FechaEmision,HoraEmision,precioInicial,idCine,nombreSala,codPeli) VALUES ('2023-03-02','18:00','10.99','ZB','Sala 03','13');
INSERT INTO emision (FechaEmision,HoraEmision,precioInicial,idCine,nombreSala,codPeli) VALUES ('2023-03-02','21:00','14.99','ZB','Sala 03','1');
INSERT INTO emision (FechaEmision,HoraEmision,precioInicial,idCine,nombreSala,codPeli) VALUES ('2023-03-03','00:00','7.99','GC','Sala 01','1');
INSERT INTO emision (FechaEmision,HoraEmision,precioInicial,idCine,nombreSala,codPeli) VALUES ('2023-03-03','15:00','4.99','GC','Sala 01','6');
INSERT INTO emision (FechaEmision,HoraEmision,precioInicial,idCine,nombreSala,codPeli) VALUES ('2023-03-03','18:00','7.99','GC','Sala 01','8');
INSERT INTO emision (FechaEmision,HoraEmision,precioInicial,idCine,nombreSala,codPeli) VALUES ('2023-03-03','21:00','14.99','GC','Sala 01','7');
INSERT INTO emision (FechaEmision,HoraEmision,precioInicial,idCine,nombreSala,codPeli) VALUES ('2023-03-03','00:00','4.99','GC','Sala 02','12');