create database reto3;
use reto3;
CREATE TABLE Cine (
idCine VARCHAR(10) PRIMARY KEY,
nombreCine VARCHAR(25) NOT NULL,
numSala INTEGER
);

CREATE TABLE Cliente(
DNI VARCHAR(9) PRIMARY KEY,
usuario VARCHAR(20) NOT NULL UNIQUE,
nombreCliente VARCHAR(20) NOT NULL,
apellidos VARCHAR(45) NOT NULL,
sexo CHAR(1) NOT NULL CHECK (sexo='H' OR sexo='M'),
contrasena VARCHAR(100) NOT NULL
);

CREATE TABLE Pelicula(
codPelicula INTEGER AUTO_INCREMENT PRIMARY KEY,
nombrePelicula VARCHAR(50) NOT NULL,
duracion INTEGER NOT NULL,
genero SET ('Accion','Aventura','Terror','Drama','Comedia','Ciencia-Ficcion','Suspense') NOT NULL 
);

CREATE TABLE Sala(
nombreSala varchar(20),
idCine VARCHAR(10),
CONSTRAINT PF_sala PRIMARY KEY (idCine,nombreSala),
CONSTRAINT FK_id_Cine FOREIGN KEY (idCine) REFERENCES Cine(idCine) 
ON DELETE CASCADE ON UPDATE CASCADE
);

CREATE TABLE Emision(
idEmision INTEGER AUTO_INCREMENT PRIMARY KEY,
FechaEmision DATE NOT NULL,
HoraEmision TIME NOT NULL,
precioInicial FLOAT NOT NULL DEFAULT 7,
idCine VARCHAR(10),
nombreSala VARCHAR (20),
codPelicula INTEGER,
CONSTRAINT FK_id_CineSala FOREIGN KEY (idCine,nombreSala) REFERENCES Sala(idCine,nombreSala)
ON DELETE CASCADE ON UPDATE CASCADE,
CONSTRAINT FK_cod_Pelicula FOREIGN KEY (codPelicula) REFERENCES Pelicula(codPelicula)
ON DELETE CASCADE ON UPDATE CASCADE
);

CREATE TABLE Compra(
codCompra INTEGER AUTO_INCREMENT PRIMARY KEY,
precioTotal FLOAT NOT NULL,
descuento INTEGER NOT NULL DEFAULT 0,
horaCompra DATETIME NOT NULL,
DNI VARCHAR(9),
CONSTRAINT FK_DNIC FOREIGN KEY (DNI) REFERENCES Cliente(DNI)
);

CREATE TABLE Entrada(
codEntrada INTEGER AUTO_INCREMENT PRIMARY KEY,
precioFinal FLOAT NOT NULL,
idEmision INTEGER,
codCompra INTEGER,
CONSTRAINT FK_id_Emision FOREIGN KEY (idEmision) REFERENCES Emision(idEmision),
CONSTRAINT FK_codCompra FOREIGN KEY (codCompra) REFERENCES  Compra(CodCompra)
);

INSERT INTO pelicula(nombrePelicula,duracion,genero) VALUE ('Handia','160','Drama');
INSERT INTO pelicula(nombrePelicula,duracion,genero) VALUE ('La lista de Schindler','197','Drama');
INSERT INTO pelicula(nombrePelicula,duracion,genero) VALUE ('Cadena Perpetua','160','Drama');
INSERT INTO pelicula(nombrePelicula,duracion,genero) VALUE ('Million Dollar Baby','160','Drama');
INSERT INTO pelicula(nombrePelicula,duracion,genero) VALUE ('2001: Odisea en el espacio','139','Ciencia-Ficcion');
INSERT INTO pelicula(nombrePelicula,duracion,genero) VALUE ('El planeta de los Simios','112','Ciencia-Ficcion');
INSERT INTO pelicula(nombrePelicula,duracion,genero) VALUE ('Alien','116','Terror');
INSERT INTO pelicula(nombrePelicula,duracion,genero) VALUE ('Psicosis','109','Terror');
INSERT INTO pelicula(nombrePelicula,duracion,genero) VALUE ('El resplandor','146','Terror');
INSERT INTO pelicula(nombrePelicula,duracion,genero) VALUE ('Dracula','130','Drama');
INSERT INTO pelicula(nombrePelicula,duracion,genero) VALUE ('Cisne Negro','85','Drama');
INSERT INTO pelicula(nombrePelicula,duracion,genero) VALUE ('La vida de Brian','93','Comedia');
INSERT INTO pelicula(nombrePelicula,duracion,genero) VALUE ('Scary Movie 2','83','Comedia');
INSERT INTO pelicula(nombrePelicula,duracion,genero) VALUE ('El Gran Lebowski','117','Comedia');
INSERT INTO pelicula(nombrePelicula,duracion,genero) VALUE ('Aterriza como puedas','88','Comedia');

INSERT INTO cine VALUES ('GC','Cines Golem','6');
INSERT into cine VALUES ('YC','Yelmo Cines','7');
INSERT into cine VALUES ('ZB','Cines Zubiarte','8');

INSERT into Cliente VALUES ('12318312Q','igor1','Igor','Bueno','H','1234567A');
INSERT into Cliente VALUES ('21918362X','elorrieta1','Elorrieta','Centro','H','elorrieta00');
INSERT into Cliente VALUES ('43240843O','sixseiger','Erlantz','Gil','H','987654B');
INSERT into Cliente VALUES ('79114209Q','akos','Unai','Cano','H','uwuowo2');

INSERT INTO Sala VALUE ('Sala 1','GC');
INSERT INTO Sala VALUE ('Sala 2','GC');
INSERT INTO Sala VALUE ('Sala 3','GC');
INSERT INTO Sala VALUE ('Sala 4','GC');
INSERT INTO Sala VALUE ('Sala 5','GC');
INSERT INTO Sala VALUE ('Sala 6','GC');
INSERT INTO Sala VALUE ('Sala 1','ZB');
INSERT INTO Sala VALUE ('Sala 2','ZB');
INSERT INTO Sala VALUE ('Sala 3','ZB');
INSERT INTO Sala VALUE ('Sala 4','ZB');
INSERT INTO Sala VALUE ('Sala 5','ZB');
INSERT INTO Sala VALUE ('Sala 6','ZB');
INSERT INTO Sala VALUE ('Sala 7','ZB');
INSERT INTO Sala VALUE ('Sala 8','ZB');
INSERT INTO Sala VALUE ('Sala 1','YC');
INSERT INTO Sala VALUE ('Sala 2','YC');
INSERT INTO Sala VALUE ('Sala 3','YC');
INSERT INTO Sala VALUE ('Sala 4','YC');
INSERT INTO Sala VALUE ('Sala 5','YC');
INSERT INTO Sala VALUE ('Sala 6','YC');
INSERT INTO Sala VALUE ('Sala 7','YC');

INSERT INTO `emision` (`idEmision`, `FechaEmision`, `HoraEmision`, `precioInicial`, `idCine`, `nombreSala`, `codPelicula`) VALUES
(1, '2023-02-22', '00:00:00', 4.99, 'GC', 'Sala 1', 13),
(2, '2023-02-22', '15:00:00', 4.99, 'GC', 'Sala 1', 3),
(3, '2023-02-22', '18:00:00', 7.99, 'GC', 'Sala 1', 14),
(4, '2023-02-22', '21:00:00', 4.99, 'GC', 'Sala 1', 6),
(5, '2023-02-22', '00:00:00', 7.99, 'GC', 'Sala 2', 8),
(6, '2023-02-22', '15:00:00', 7.99, 'GC', 'Sala 2', 2),
(7, '2023-02-22', '18:00:00', 7.99, 'GC', 'Sala 2', 9),
(8, '2023-02-22', '21:00:00', 7.99, 'GC', 'Sala 2', 11),
(9, '2023-02-22', '00:00:00', 14.99, 'GC', 'Sala 3', 3),
(10, '2023-02-22', '15:00:00', 4.99, 'GC', 'Sala 3', 9),
(11, '2023-02-22', '18:00:00', 7.99, 'GC', 'Sala 3', 6),
(12, '2023-02-22', '21:00:00', 4.99, 'GC', 'Sala 3', 1),
(13, '2023-02-22', '00:00:00', 10.99, 'GC', 'Sala 4', 3),
(14, '2023-02-22', '15:00:00', 10.99, 'GC', 'Sala 4', 15),
(15, '2023-02-22', '18:00:00', 7.99, 'GC', 'Sala 4', 2),
(16, '2023-02-22', '21:00:00', 4.99, 'GC', 'Sala 4', 3),
(17, '2023-02-22', '00:00:00', 7.99, 'GC', 'Sala 5', 4),
(18, '2023-02-22', '15:00:00', 7.99, 'GC', 'Sala 5', 5),
(19, '2023-02-22', '18:00:00', 7.99, 'GC', 'Sala 5', 4),
(20, '2023-02-22', '21:00:00', 14.99, 'GC', 'Sala 5', 10),
(21, '2023-02-22', '00:00:00', 4.99, 'GC', 'Sala 6', 15),
(22, '2023-02-22', '15:00:00', 10.99, 'GC', 'Sala 6', 2),
(23, '2023-02-22', '18:00:00', 4.99, 'GC', 'Sala 6', 7),
(24, '2023-02-22', '21:00:00', 14.99, 'GC', 'Sala 6', 4),
(25, '2023-02-22', '00:00:00', 14.99, 'YC', 'Sala 1', 9),
(26, '2023-02-22', '15:00:00', 14.99, 'YC', 'Sala 1', 9),
(27, '2023-02-22', '18:00:00', 10.99, 'YC', 'Sala 1', 13),
(28, '2023-02-22', '21:00:00', 14.99, 'YC', 'Sala 1', 1),
(29, '2023-02-22', '00:00:00', 7.99, 'YC', 'Sala 2', 9),
(30, '2023-02-22', '15:00:00', 10.99, 'YC', 'Sala 2', 9),
(31, '2023-02-22', '18:00:00', 4.99, 'YC', 'Sala 2', 10),
(32, '2023-02-22', '21:00:00', 4.99, 'YC', 'Sala 2', 6),
(33, '2023-02-22', '00:00:00', 10.99, 'YC', 'Sala 3', 14),
(34, '2023-02-22', '15:00:00', 4.99, 'YC', 'Sala 3', 7),
(35, '2023-02-22', '18:00:00', 7.99, 'YC', 'Sala 3', 14),
(36, '2023-02-22', '21:00:00', 4.99, 'YC', 'Sala 3', 6),
(37, '2023-02-22', '00:00:00', 7.99, 'YC', 'Sala 4', 6),
(38, '2023-02-22', '15:00:00', 4.99, 'YC', 'Sala 4', 14),
(39, '2023-02-22', '18:00:00', 7.99, 'YC', 'Sala 4', 5),
(40, '2023-02-22', '21:00:00', 14.99, 'YC', 'Sala 4', 1),
(41, '2023-02-22', '00:00:00', 10.99, 'YC', 'Sala 5', 11),
(42, '2023-02-22', '15:00:00', 4.99, 'YC', 'Sala 5', 4),
(43, '2023-02-22', '18:00:00', 14.99, 'YC', 'Sala 5', 6),
(44, '2023-02-22', '21:00:00', 10.99, 'YC', 'Sala 5', 12),
(45, '2023-02-22', '00:00:00', 7.99, 'YC', 'Sala 6', 1),
(46, '2023-02-22', '15:00:00', 4.99, 'YC', 'Sala 6', 8),
(47, '2023-02-22', '18:00:00', 14.99, 'YC', 'Sala 6', 6),
(48, '2023-02-22', '21:00:00', 14.99, 'YC', 'Sala 6', 14),
(49, '2023-02-22', '00:00:00', 14.99, 'YC', 'Sala 7', 13),
(50, '2023-02-22', '15:00:00', 10.99, 'YC', 'Sala 7', 11),
(51, '2023-02-22', '18:00:00', 4.99, 'YC', 'Sala 7', 11),
(52, '2023-02-22', '21:00:00', 7.99, 'YC', 'Sala 7', 12),
(53, '2023-02-22', '00:00:00', 14.99, 'ZB', 'Sala 1', 7),
(54, '2023-02-22', '15:00:00', 14.99, 'ZB', 'Sala 1', 9),
(55, '2023-02-22', '18:00:00', 10.99, 'ZB', 'Sala 1', 13),
(56, '2023-02-22', '21:00:00', 4.99, 'ZB', 'Sala 1', 4),
(57, '2023-02-22', '00:00:00', 7.99, 'ZB', 'Sala 2', 3),
(58, '2023-02-22', '15:00:00', 4.99, 'ZB', 'Sala 2', 9),
(59, '2023-02-22', '18:00:00', 4.99, 'ZB', 'Sala 2', 13),
(60, '2023-02-22', '21:00:00', 7.99, 'ZB', 'Sala 2', 11),
(61, '2023-02-22', '00:00:00', 14.99, 'ZB', 'Sala 3', 11),
(62, '2023-02-22', '15:00:00', 10.99, 'ZB', 'Sala 3', 3),
(63, '2023-02-22', '18:00:00', 14.99, 'ZB', 'Sala 3', 1),
(64, '2023-02-22', '21:00:00', 7.99, 'ZB', 'Sala 3', 2),
(65, '2023-02-22', '00:00:00', 4.99, 'ZB', 'Sala 4', 7),
(66, '2023-02-22', '15:00:00', 4.99, 'ZB', 'Sala 4', 12),
(67, '2023-02-22', '18:00:00', 14.99, 'ZB', 'Sala 4', 14),
(68, '2023-02-22', '21:00:00', 10.99, 'ZB', 'Sala 4', 1),
(69, '2023-02-22', '00:00:00', 14.99, 'ZB', 'Sala 5', 13),
(70, '2023-02-22', '15:00:00', 7.99, 'ZB', 'Sala 5', 2),
(71, '2023-02-22', '18:00:00', 4.99, 'ZB', 'Sala 5', 7),
(72, '2023-02-22', '21:00:00', 10.99, 'ZB', 'Sala 5', 4),
(73, '2023-02-22', '00:00:00', 14.99, 'ZB', 'Sala 6', 8),
(74, '2023-02-22', '15:00:00', 10.99, 'ZB', 'Sala 6', 11),
(75, '2023-02-22', '18:00:00', 14.99, 'ZB', 'Sala 6', 8),
(76, '2023-02-22', '21:00:00', 4.99, 'ZB', 'Sala 6', 6),
(77, '2023-02-22', '00:00:00', 7.99, 'ZB', 'Sala 7', 15),
(78, '2023-02-22', '15:00:00', 10.99, 'ZB', 'Sala 7', 1),
(79, '2023-02-22', '18:00:00', 10.99, 'ZB', 'Sala 7', 8),
(80, '2023-02-22', '21:00:00', 7.99, 'ZB', 'Sala 7', 8),
(81, '2023-02-22', '00:00:00', 10.99, 'ZB', 'Sala 8', 6),
(82, '2023-02-22', '15:00:00', 7.99, 'ZB', 'Sala 8', 2),
(83, '2023-02-22', '18:00:00', 4.99, 'ZB', 'Sala 8', 4),
(84, '2023-02-22', '21:00:00', 14.99, 'ZB', 'Sala 8', 1),
(85, '2023-02-23', '00:00:00', 14.99, 'GC', 'Sala 1', 7),
(86, '2023-02-23', '15:00:00', 14.99, 'GC', 'Sala 1', 3),
(87, '2023-02-23', '18:00:00', 4.99, 'GC', 'Sala 1', 15),
(88, '2023-02-23', '21:00:00', 10.99, 'GC', 'Sala 1', 7),
(89, '2023-02-23', '00:00:00', 14.99, 'GC', 'Sala 2', 7),
(90, '2023-02-23', '15:00:00', 4.99, 'GC', 'Sala 2', 8),
(91, '2023-02-23', '18:00:00', 4.99, 'GC', 'Sala 2', 8),
(92, '2023-02-23', '21:00:00', 7.99, 'GC', 'Sala 2', 3),
(93, '2023-02-23', '00:00:00', 7.99, 'GC', 'Sala 3', 11),
(94, '2023-02-23', '15:00:00', 10.99, 'GC', 'Sala 3', 2),
(95, '2023-02-23', '18:00:00', 4.99, 'GC', 'Sala 3', 2),
(96, '2023-02-23', '21:00:00', 4.99, 'GC', 'Sala 3', 3),
(97, '2023-02-23', '00:00:00', 7.99, 'GC', 'Sala 4', 7),
(98, '2023-02-23', '15:00:00', 10.99, 'GC', 'Sala 4', 4),
(99, '2023-02-23', '18:00:00', 4.99, 'GC', 'Sala 4', 6),
(100, '2023-02-23', '21:00:00', 7.99, 'GC', 'Sala 4', 6),
(101, '2023-02-23', '00:00:00', 7.99, 'GC', 'Sala 5', 13),
(102, '2023-02-23', '15:00:00', 14.99, 'GC', 'Sala 5', 15),
(103, '2023-02-23', '18:00:00', 4.99, 'GC', 'Sala 5', 14),
(104, '2023-02-23', '21:00:00', 4.99, 'GC', 'Sala 5', 7),
(105, '2023-02-23', '00:00:00', 4.99, 'GC', 'Sala 6', 8),
(106, '2023-02-23', '15:00:00', 7.99, 'GC', 'Sala 6', 15),
(107, '2023-02-23', '18:00:00', 4.99, 'GC', 'Sala 6', 3),
(108, '2023-02-23', '21:00:00', 7.99, 'GC', 'Sala 6', 6),
(109, '2023-02-23', '00:00:00', 7.99, 'YC', 'Sala 1', 11),
(110, '2023-02-23', '15:00:00', 7.99, 'YC', 'Sala 1', 14),
(111, '2023-02-23', '18:00:00', 10.99, 'YC', 'Sala 1', 5),
(112, '2023-02-23', '21:00:00', 10.99, 'YC', 'Sala 1', 2),
(113, '2023-02-23', '00:00:00', 10.99, 'YC', 'Sala 2', 4),
(114, '2023-02-23', '15:00:00', 7.99, 'YC', 'Sala 2', 8),
(115, '2023-02-23', '18:00:00', 4.99, 'YC', 'Sala 2', 14),
(116, '2023-02-23', '21:00:00', 4.99, 'YC', 'Sala 2', 3),
(117, '2023-02-23', '00:00:00', 7.99, 'YC', 'Sala 3', 5),
(118, '2023-02-23', '15:00:00', 14.99, 'YC', 'Sala 3', 11),
(119, '2023-02-23', '18:00:00', 10.99, 'YC', 'Sala 3', 10),
(120, '2023-02-23', '21:00:00', 7.99, 'YC', 'Sala 3', 11),
(121, '2023-02-23', '00:00:00', 4.99, 'YC', 'Sala 4', 14),
(122, '2023-02-23', '15:00:00', 14.99, 'YC', 'Sala 4', 15),
(123, '2023-02-23', '18:00:00', 7.99, 'YC', 'Sala 4', 3),
(124, '2023-02-23', '21:00:00', 7.99, 'YC', 'Sala 4', 9),
(125, '2023-02-23', '00:00:00', 4.99, 'YC', 'Sala 5', 1),
(126, '2023-02-23', '15:00:00', 7.99, 'YC', 'Sala 5', 2),
(127, '2023-02-23', '18:00:00', 14.99, 'YC', 'Sala 5', 14),
(128, '2023-02-23', '21:00:00', 7.99, 'YC', 'Sala 5', 5),
(129, '2023-02-23', '00:00:00', 7.99, 'YC', 'Sala 6', 15),
(130, '2023-02-23', '15:00:00', 7.99, 'YC', 'Sala 6', 8),
(131, '2023-02-23', '18:00:00', 7.99, 'YC', 'Sala 6', 3),
(132, '2023-02-23', '21:00:00', 4.99, 'YC', 'Sala 6', 15),
(133, '2023-02-23', '00:00:00', 7.99, 'YC', 'Sala 7', 9),
(134, '2023-02-23', '15:00:00', 14.99, 'YC', 'Sala 7', 9),
(135, '2023-02-23', '18:00:00', 4.99, 'YC', 'Sala 7', 14),
(136, '2023-02-23', '21:00:00', 7.99, 'YC', 'Sala 7', 10),
(137, '2023-02-23', '00:00:00', 7.99, 'ZB', 'Sala 1', 11),
(138, '2023-02-23', '15:00:00', 10.99, 'ZB', 'Sala 1', 2),
(139, '2023-02-23', '18:00:00', 14.99, 'ZB', 'Sala 1', 10),
(140, '2023-02-23', '21:00:00', 4.99, 'ZB', 'Sala 1', 10),
(141, '2023-02-23', '00:00:00', 4.99, 'ZB', 'Sala 2', 15),
(142, '2023-02-23', '15:00:00', 14.99, 'ZB', 'Sala 2', 12),
(143, '2023-02-23', '18:00:00', 10.99, 'ZB', 'Sala 2', 14),
(144, '2023-02-23', '21:00:00', 14.99, 'ZB', 'Sala 2', 10),
(145, '2023-02-23', '00:00:00', 4.99, 'ZB', 'Sala 3', 11),
(146, '2023-02-23', '15:00:00', 10.99, 'ZB', 'Sala 3', 15),
(147, '2023-02-23', '18:00:00', 4.99, 'ZB', 'Sala 3', 10),
(148, '2023-02-23', '21:00:00', 7.99, 'ZB', 'Sala 3', 14),
(149, '2023-02-23', '00:00:00', 10.99, 'ZB', 'Sala 4', 8),
(150, '2023-02-23', '15:00:00', 4.99, 'ZB', 'Sala 4', 12),
(151, '2023-02-23', '18:00:00', 14.99, 'ZB', 'Sala 4', 15),
(152, '2023-02-23', '21:00:00', 10.99, 'ZB', 'Sala 4', 13),
(153, '2023-02-23', '00:00:00', 4.99, 'ZB', 'Sala 5', 1),
(154, '2023-02-23', '15:00:00', 4.99, 'ZB', 'Sala 5', 5),
(155, '2023-02-23', '18:00:00', 10.99, 'ZB', 'Sala 5', 6),
(156, '2023-02-23', '21:00:00', 4.99, 'ZB', 'Sala 5', 7),
(157, '2023-02-23', '00:00:00', 7.99, 'ZB', 'Sala 6', 4),
(158, '2023-02-23', '15:00:00', 4.99, 'ZB', 'Sala 6', 7),
(159, '2023-02-23', '18:00:00', 14.99, 'ZB', 'Sala 6', 3),
(160, '2023-02-23', '21:00:00', 10.99, 'ZB', 'Sala 6', 7),
(161, '2023-02-23', '00:00:00', 10.99, 'ZB', 'Sala 7', 1),
(162, '2023-02-23', '15:00:00', 14.99, 'ZB', 'Sala 7', 6),
(163, '2023-02-23', '18:00:00', 7.99, 'ZB', 'Sala 7', 4),
(164, '2023-02-23', '21:00:00', 7.99, 'ZB', 'Sala 7', 13),
(165, '2023-02-23', '00:00:00', 4.99, 'ZB', 'Sala 8', 2),
(166, '2023-02-23', '15:00:00', 14.99, 'ZB', 'Sala 8', 4),
(167, '2023-02-23', '18:00:00', 7.99, 'ZB', 'Sala 8', 4),
(168, '2023-02-23', '21:00:00', 7.99, 'ZB', 'Sala 8', 6),
(169, '2023-02-24', '00:00:00', 14.99, 'GC', 'Sala 1', 11),
(170, '2023-02-24', '15:00:00', 4.99, 'GC', 'Sala 1', 13),
(171, '2023-02-24', '18:00:00', 10.99, 'GC', 'Sala 1', 12),
(172, '2023-02-24', '21:00:00', 10.99, 'GC', 'Sala 1', 13),
(173, '2023-02-24', '00:00:00', 4.99, 'GC', 'Sala 2', 2),
(174, '2023-02-24', '15:00:00', 4.99, 'GC', 'Sala 2', 13),
(175, '2023-02-24', '18:00:00', 7.99, 'GC', 'Sala 2', 1),
(176, '2023-02-24', '21:00:00', 4.99, 'GC', 'Sala 2', 12),
(177, '2023-02-24', '00:00:00', 4.99, 'GC', 'Sala 3', 10),
(178, '2023-02-24', '15:00:00', 4.99, 'GC', 'Sala 3', 1),
(179, '2023-02-24', '18:00:00', 4.99, 'GC', 'Sala 3', 5),
(180, '2023-02-24', '21:00:00', 10.99, 'GC', 'Sala 3', 8),
(181, '2023-02-24', '00:00:00', 4.99, 'GC', 'Sala 4', 13),
(182, '2023-02-24', '15:00:00', 7.99, 'GC', 'Sala 4', 1),
(183, '2023-02-24', '18:00:00', 10.99, 'GC', 'Sala 4', 14),
(184, '2023-02-24', '21:00:00', 4.99, 'GC', 'Sala 4', 10),
(185, '2023-02-24', '00:00:00', 14.99, 'GC', 'Sala 5', 4),
(186, '2023-02-24', '15:00:00', 7.99, 'GC', 'Sala 5', 10),
(187, '2023-02-24', '18:00:00', 10.99, 'GC', 'Sala 5', 7),
(188, '2023-02-24', '21:00:00', 14.99, 'GC', 'Sala 5', 13),
(189, '2023-02-24', '00:00:00', 7.99, 'GC', 'Sala 6', 14),
(190, '2023-02-24', '15:00:00', 14.99, 'GC', 'Sala 6', 9),
(191, '2023-02-24', '18:00:00', 14.99, 'GC', 'Sala 6', 5),
(192, '2023-02-24', '21:00:00', 4.99, 'GC', 'Sala 6', 10),
(193, '2023-02-24', '00:00:00', 10.99, 'YC', 'Sala 1', 5),
(194, '2023-02-24', '15:00:00', 14.99, 'YC', 'Sala 1', 11),
(195, '2023-02-24', '18:00:00', 4.99, 'YC', 'Sala 1', 8),
(196, '2023-02-24', '21:00:00', 4.99, 'YC', 'Sala 1', 15),
(197, '2023-02-24', '00:00:00', 7.99, 'YC', 'Sala 2', 6),
(198, '2023-02-24', '15:00:00', 7.99, 'YC', 'Sala 2', 8),
(199, '2023-02-24', '18:00:00', 14.99, 'YC', 'Sala 2', 7),
(200, '2023-02-24', '21:00:00', 4.99, 'YC', 'Sala 2', 6),
(201, '2023-02-24', '00:00:00', 4.99, 'YC', 'Sala 3', 12),
(202, '2023-02-24', '15:00:00', 7.99, 'YC', 'Sala 3', 8),
(203, '2023-02-24', '18:00:00', 4.99, 'YC', 'Sala 3', 6),
(204, '2023-02-24', '21:00:00', 14.99, 'YC', 'Sala 3', 7),
(205, '2023-02-24', '00:00:00', 14.99, 'YC', 'Sala 4', 6),
(206, '2023-02-24', '15:00:00', 4.99, 'YC', 'Sala 4', 4),
(207, '2023-02-24', '18:00:00', 10.99, 'YC', 'Sala 4', 6),
(208, '2023-02-24', '21:00:00', 10.99, 'YC', 'Sala 4', 11),
(209, '2023-02-24', '00:00:00', 14.99, 'YC', 'Sala 5', 3),
(210, '2023-02-24', '15:00:00', 14.99, 'YC', 'Sala 5', 1),
(211, '2023-02-24', '18:00:00', 10.99, 'YC', 'Sala 5', 3),
(212, '2023-02-24', '21:00:00', 10.99, 'YC', 'Sala 5', 13),
(213, '2023-02-24', '00:00:00', 10.99, 'YC', 'Sala 6', 13),
(214, '2023-02-24', '15:00:00', 7.99, 'YC', 'Sala 6', 3),
(215, '2023-02-24', '18:00:00', 4.99, 'YC', 'Sala 6', 5),
(216, '2023-02-24', '21:00:00', 10.99, 'YC', 'Sala 6', 10),
(217, '2023-02-24', '00:00:00', 10.99, 'YC', 'Sala 7', 9),
(218, '2023-02-24', '15:00:00', 14.99, 'YC', 'Sala 7', 6),
(219, '2023-02-24', '18:00:00', 10.99, 'YC', 'Sala 7', 6),
(220, '2023-02-24', '21:00:00', 4.99, 'YC', 'Sala 7', 15),
(221, '2023-02-24', '00:00:00', 14.99, 'ZB', 'Sala 1', 1),
(222, '2023-02-24', '15:00:00', 14.99, 'ZB', 'Sala 1', 13),
(223, '2023-02-24', '18:00:00', 10.99, 'ZB', 'Sala 1', 12),
(224, '2023-02-24', '21:00:00', 14.99, 'ZB', 'Sala 1', 14),
(225, '2023-02-24', '00:00:00', 7.99, 'ZB', 'Sala 2', 1),
(226, '2023-02-24', '15:00:00', 10.99, 'ZB', 'Sala 2', 6),
(227, '2023-02-24', '18:00:00', 10.99, 'ZB', 'Sala 2', 9),
(228, '2023-02-24', '21:00:00', 4.99, 'ZB', 'Sala 2', 2),
(229, '2023-02-24', '00:00:00', 4.99, 'ZB', 'Sala 3', 8),
(230, '2023-02-24', '15:00:00', 4.99, 'ZB', 'Sala 3', 11),
(231, '2023-02-24', '18:00:00', 7.99, 'ZB', 'Sala 3', 4),
(232, '2023-02-24', '21:00:00', 10.99, 'ZB', 'Sala 3', 8),
(233, '2023-02-24', '00:00:00', 7.99, 'ZB', 'Sala 4', 5),
(234, '2023-02-24', '15:00:00', 7.99, 'ZB', 'Sala 4', 10),
(235, '2023-02-24', '18:00:00', 14.99, 'ZB', 'Sala 4', 14),
(236, '2023-02-24', '21:00:00', 7.99, 'ZB', 'Sala 4', 8),
(237, '2023-02-24', '00:00:00', 7.99, 'ZB', 'Sala 5', 14),
(238, '2023-02-24', '15:00:00', 7.99, 'ZB', 'Sala 5', 2),
(239, '2023-02-24', '18:00:00', 14.99, 'ZB', 'Sala 5', 12),
(240, '2023-02-24', '21:00:00', 4.99, 'ZB', 'Sala 5', 13),
(241, '2023-02-24', '00:00:00', 4.99, 'ZB', 'Sala 6', 8),
(242, '2023-02-24', '15:00:00', 10.99, 'ZB', 'Sala 6', 15),
(243, '2023-02-24', '18:00:00', 7.99, 'ZB', 'Sala 6', 1),
(244, '2023-02-24', '21:00:00', 10.99, 'ZB', 'Sala 6', 1),
(245, '2023-02-24', '00:00:00', 10.99, 'ZB', 'Sala 7', 11),
(246, '2023-02-24', '15:00:00', 7.99, 'ZB', 'Sala 7', 13),
(247, '2023-02-24', '18:00:00', 4.99, 'ZB', 'Sala 7', 5),
(248, '2023-02-24', '21:00:00', 14.99, 'ZB', 'Sala 7', 11),
(249, '2023-02-24', '00:00:00', 4.99, 'ZB', 'Sala 8', 8),
(250, '2023-02-24', '15:00:00', 10.99, 'ZB', 'Sala 8', 1),
(251, '2023-02-24', '18:00:00', 10.99, 'ZB', 'Sala 8', 8),
(252, '2023-02-24', '21:00:00', 14.99, 'ZB', 'Sala 8', 14),
(253, '2023-02-25', '00:00:00', 4.99, 'GC', 'Sala 1', 7),
(254, '2023-02-25', '15:00:00', 14.99, 'GC', 'Sala 1', 7),
(255, '2023-02-25', '18:00:00', 10.99, 'GC', 'Sala 1', 6),
(256, '2023-02-25', '21:00:00', 4.99, 'GC', 'Sala 1', 13),
(257, '2023-02-25', '00:00:00', 10.99, 'GC', 'Sala 2', 8),
(258, '2023-02-25', '15:00:00', 7.99, 'GC', 'Sala 2', 9),
(259, '2023-02-25', '18:00:00', 14.99, 'GC', 'Sala 2', 10),
(260, '2023-02-25', '21:00:00', 14.99, 'GC', 'Sala 2', 11),
(261, '2023-02-25', '00:00:00', 10.99, 'GC', 'Sala 3', 7),
(262, '2023-02-25', '15:00:00', 14.99, 'GC', 'Sala 3', 2),
(263, '2023-02-25', '18:00:00', 4.99, 'GC', 'Sala 3', 11),
(264, '2023-02-25', '21:00:00', 4.99, 'GC', 'Sala 3', 8),
(265, '2023-02-25', '00:00:00', 7.99, 'GC', 'Sala 4', 1),
(266, '2023-02-25', '15:00:00', 14.99, 'GC', 'Sala 4', 12),
(267, '2023-02-25', '18:00:00', 10.99, 'GC', 'Sala 4', 7),
(268, '2023-02-25', '21:00:00', 14.99, 'GC', 'Sala 4', 8),
(269, '2023-02-25', '00:00:00', 4.99, 'GC', 'Sala 5', 7),
(270, '2023-02-25', '15:00:00', 4.99, 'GC', 'Sala 5', 2),
(271, '2023-02-25', '18:00:00', 14.99, 'GC', 'Sala 5', 9),
(272, '2023-02-25', '21:00:00', 14.99, 'GC', 'Sala 5', 11),
(273, '2023-02-25', '00:00:00', 4.99, 'GC', 'Sala 6', 13),
(274, '2023-02-25', '15:00:00', 14.99, 'GC', 'Sala 6', 8),
(275, '2023-02-25', '18:00:00', 7.99, 'GC', 'Sala 6', 10),
(276, '2023-02-25', '21:00:00', 14.99, 'GC', 'Sala 6', 1),
(277, '2023-02-25', '00:00:00', 4.99, 'YC', 'Sala 1', 1),
(278, '2023-02-25', '15:00:00', 14.99, 'YC', 'Sala 1', 4),
(279, '2023-02-25', '18:00:00', 14.99, 'YC', 'Sala 1', 9),
(280, '2023-02-25', '21:00:00', 7.99, 'YC', 'Sala 1', 1),
(281, '2023-02-25', '00:00:00', 10.99, 'YC', 'Sala 2', 12),
(282, '2023-02-25', '15:00:00', 14.99, 'YC', 'Sala 2', 6),
(283, '2023-02-25', '18:00:00', 4.99, 'YC', 'Sala 2', 9),
(284, '2023-02-25', '21:00:00', 7.99, 'YC', 'Sala 2', 8),
(285, '2023-02-25', '00:00:00', 4.99, 'YC', 'Sala 3', 12),
(286, '2023-02-25', '15:00:00', 7.99, 'YC', 'Sala 3', 3),
(287, '2023-02-25', '18:00:00', 10.99, 'YC', 'Sala 3', 9),
(288, '2023-02-25', '21:00:00', 14.99, 'YC', 'Sala 3', 7),
(289, '2023-02-25', '00:00:00', 4.99, 'YC', 'Sala 4', 6),
(290, '2023-02-25', '15:00:00', 7.99, 'YC', 'Sala 4', 3),
(291, '2023-02-25', '18:00:00', 4.99, 'YC', 'Sala 4', 14),
(292, '2023-02-25', '21:00:00', 4.99, 'YC', 'Sala 4', 13),
(293, '2023-02-25', '00:00:00', 7.99, 'YC', 'Sala 5', 10),
(294, '2023-02-25', '15:00:00', 10.99, 'YC', 'Sala 5', 5),
(295, '2023-02-25', '18:00:00', 4.99, 'YC', 'Sala 5', 12),
(296, '2023-02-25', '21:00:00', 7.99, 'YC', 'Sala 5', 11),
(297, '2023-02-25', '00:00:00', 14.99, 'YC', 'Sala 6', 3),
(298, '2023-02-25', '15:00:00', 7.99, 'YC', 'Sala 6', 7),
(299, '2023-02-25', '18:00:00', 4.99, 'YC', 'Sala 6', 8),
(300, '2023-02-25', '21:00:00', 14.99, 'YC', 'Sala 6', 12),
(301, '2023-02-25', '00:00:00', 14.99, 'YC', 'Sala 7', 1),
(302, '2023-02-25', '15:00:00', 10.99, 'YC', 'Sala 7', 8),
(303, '2023-02-25', '18:00:00', 10.99, 'YC', 'Sala 7', 13),
(304, '2023-02-25', '21:00:00', 7.99, 'YC', 'Sala 7', 10),
(305, '2023-02-25', '00:00:00', 10.99, 'ZB', 'Sala 1', 1),
(306, '2023-02-25', '15:00:00', 10.99, 'ZB', 'Sala 1', 9),
(307, '2023-02-25', '18:00:00', 14.99, 'ZB', 'Sala 1', 13),
(308, '2023-02-25', '21:00:00', 10.99, 'ZB', 'Sala 1', 13),
(309, '2023-02-25', '00:00:00', 7.99, 'ZB', 'Sala 2', 13),
(310, '2023-02-25', '15:00:00', 4.99, 'ZB', 'Sala 2', 13),
(311, '2023-02-25', '18:00:00', 10.99, 'ZB', 'Sala 2', 10),
(312, '2023-02-25', '21:00:00', 7.99, 'ZB', 'Sala 2', 14),
(313, '2023-02-25', '00:00:00', 14.99, 'ZB', 'Sala 3', 2),
(314, '2023-02-25', '15:00:00', 14.99, 'ZB', 'Sala 3', 7),
(315, '2023-02-25', '18:00:00', 10.99, 'ZB', 'Sala 3', 2),
(316, '2023-02-25', '21:00:00', 14.99, 'ZB', 'Sala 3', 3),
(317, '2023-02-25', '00:00:00', 7.99, 'ZB', 'Sala 4', 4),
(318, '2023-02-25', '15:00:00', 10.99, 'ZB', 'Sala 4', 1),
(319, '2023-02-25', '18:00:00', 10.99, 'ZB', 'Sala 4', 11),
(320, '2023-02-25', '21:00:00', 7.99, 'ZB', 'Sala 4', 3),
(321, '2023-02-25', '00:00:00', 7.99, 'ZB', 'Sala 5', 11),
(322, '2023-02-25', '15:00:00', 14.99, 'ZB', 'Sala 5', 1),
(323, '2023-02-25', '18:00:00', 4.99, 'ZB', 'Sala 5', 2),
(324, '2023-02-25', '21:00:00', 7.99, 'ZB', 'Sala 5', 7),
(325, '2023-02-25', '00:00:00', 7.99, 'ZB', 'Sala 6', 14),
(326, '2023-02-25', '15:00:00', 4.99, 'ZB', 'Sala 6', 5),
(327, '2023-02-25', '18:00:00', 14.99, 'ZB', 'Sala 6', 2),
(328, '2023-02-25', '21:00:00', 4.99, 'ZB', 'Sala 6', 15),
(329, '2023-02-25', '00:00:00', 7.99, 'ZB', 'Sala 7', 15),
(330, '2023-02-25', '15:00:00', 14.99, 'ZB', 'Sala 7', 11),
(331, '2023-02-25', '18:00:00', 10.99, 'ZB', 'Sala 7', 10),
(332, '2023-02-25', '21:00:00', 7.99, 'ZB', 'Sala 7', 13),
(333, '2023-02-25', '00:00:00', 7.99, 'ZB', 'Sala 8', 1),
(334, '2023-02-25', '15:00:00', 10.99, 'ZB', 'Sala 8', 9),
(335, '2023-02-25', '18:00:00', 4.99, 'ZB', 'Sala 8', 11),
(336, '2023-02-25', '21:00:00', 14.99, 'ZB', 'Sala 8', 8),
(337, '2023-02-26', '00:00:00', 10.99, 'GC', 'Sala 1', 6),
(338, '2023-02-26', '15:00:00', 7.99, 'GC', 'Sala 1', 15),
(339, '2023-02-26', '18:00:00', 7.99, 'GC', 'Sala 1', 1),
(340, '2023-02-26', '21:00:00', 7.99, 'GC', 'Sala 1', 13),
(341, '2023-02-26', '00:00:00', 10.99, 'GC', 'Sala 2', 13),
(342, '2023-02-26', '15:00:00', 4.99, 'GC', 'Sala 2', 8),
(343, '2023-02-26', '18:00:00', 4.99, 'GC', 'Sala 2', 2),
(344, '2023-02-26', '21:00:00', 7.99, 'GC', 'Sala 2', 5),
(345, '2023-02-26', '00:00:00', 10.99, 'GC', 'Sala 3', 15),
(346, '2023-02-26', '15:00:00', 14.99, 'GC', 'Sala 3', 4),
(347, '2023-02-26', '18:00:00', 4.99, 'GC', 'Sala 3', 7),
(348, '2023-02-26', '21:00:00', 7.99, 'GC', 'Sala 3', 7),
(349, '2023-02-26', '00:00:00', 4.99, 'GC', 'Sala 4', 5),
(350, '2023-02-26', '15:00:00', 7.99, 'GC', 'Sala 4', 5),
(351, '2023-02-26', '18:00:00', 14.99, 'GC', 'Sala 4', 3),
(352, '2023-02-26', '21:00:00', 10.99, 'GC', 'Sala 4', 2),
(353, '2023-02-26', '00:00:00', 14.99, 'GC', 'Sala 5', 9),
(354, '2023-02-26', '15:00:00', 14.99, 'GC', 'Sala 5', 3),
(355, '2023-02-26', '18:00:00', 14.99, 'GC', 'Sala 5', 5),
(356, '2023-02-26', '21:00:00', 14.99, 'GC', 'Sala 5', 9),
(357, '2023-02-26', '00:00:00', 7.99, 'GC', 'Sala 6', 3),
(358, '2023-02-26', '15:00:00', 4.99, 'GC', 'Sala 6', 15),
(359, '2023-02-26', '18:00:00', 14.99, 'GC', 'Sala 6', 13),
(360, '2023-02-26', '21:00:00', 4.99, 'GC', 'Sala 6', 3),
(361, '2023-02-26', '00:00:00', 14.99, 'YC', 'Sala 1', 12),
(362, '2023-02-26', '15:00:00', 14.99, 'YC', 'Sala 1', 15),
(363, '2023-02-26', '18:00:00', 14.99, 'YC', 'Sala 1', 5),
(364, '2023-02-26', '21:00:00', 10.99, 'YC', 'Sala 1', 11),
(365, '2023-02-26', '00:00:00', 4.99, 'YC', 'Sala 2', 11),
(366, '2023-02-26', '15:00:00', 14.99, 'YC', 'Sala 2', 14),
(367, '2023-02-26', '18:00:00', 10.99, 'YC', 'Sala 2', 10),
(368, '2023-02-26', '21:00:00', 7.99, 'YC', 'Sala 2', 12),
(369, '2023-02-26', '00:00:00', 10.99, 'YC', 'Sala 3', 6),
(370, '2023-02-26', '15:00:00', 7.99, 'YC', 'Sala 3', 9),
(371, '2023-02-26', '18:00:00', 10.99, 'YC', 'Sala 3', 5),
(372, '2023-02-26', '21:00:00', 10.99, 'YC', 'Sala 3', 15),
(373, '2023-02-26', '00:00:00', 7.99, 'YC', 'Sala 4', 11),
(374, '2023-02-26', '15:00:00', 14.99, 'YC', 'Sala 4', 13),
(375, '2023-02-26', '18:00:00', 14.99, 'YC', 'Sala 4', 14),
(376, '2023-02-26', '21:00:00', 14.99, 'YC', 'Sala 4', 14),
(377, '2023-02-26', '00:00:00', 4.99, 'YC', 'Sala 5', 7),
(378, '2023-02-26', '15:00:00', 4.99, 'YC', 'Sala 5', 12),
(379, '2023-02-26', '18:00:00', 10.99, 'YC', 'Sala 5', 8),
(380, '2023-02-26', '21:00:00', 14.99, 'YC', 'Sala 5', 1),
(381, '2023-02-26', '00:00:00', 4.99, 'YC', 'Sala 6', 9),
(382, '2023-02-26', '15:00:00', 4.99, 'YC', 'Sala 6', 15),
(383, '2023-02-26', '18:00:00', 14.99, 'YC', 'Sala 6', 15),
(384, '2023-02-26', '21:00:00', 14.99, 'YC', 'Sala 6', 8),
(385, '2023-02-26', '00:00:00', 7.99, 'YC', 'Sala 7', 2),
(386, '2023-02-26', '15:00:00', 10.99, 'YC', 'Sala 7', 3),
(387, '2023-02-26', '18:00:00', 7.99, 'YC', 'Sala 7', 8),
(388, '2023-02-26', '21:00:00', 14.99, 'YC', 'Sala 7', 3),
(389, '2023-02-26', '00:00:00', 4.99, 'ZB', 'Sala 1', 5),
(390, '2023-02-26', '15:00:00', 14.99, 'ZB', 'Sala 1', 4),
(391, '2023-02-26', '18:00:00', 10.99, 'ZB', 'Sala 1', 6),
(392, '2023-02-26', '21:00:00', 14.99, 'ZB', 'Sala 1', 6),
(393, '2023-02-26', '00:00:00', 10.99, 'ZB', 'Sala 2', 6),
(394, '2023-02-26', '15:00:00', 14.99, 'ZB', 'Sala 2', 15),
(395, '2023-02-26', '18:00:00', 10.99, 'ZB', 'Sala 2', 11),
(396, '2023-02-26', '21:00:00', 7.99, 'ZB', 'Sala 2', 13),
(397, '2023-02-26', '00:00:00', 14.99, 'ZB', 'Sala 3', 1),
(398, '2023-02-26', '15:00:00', 4.99, 'ZB', 'Sala 3', 8),
(399, '2023-02-26', '18:00:00', 10.99, 'ZB', 'Sala 3', 10),
(400, '2023-02-26', '21:00:00', 4.99, 'ZB', 'Sala 3', 13),
(401, '2023-02-26', '00:00:00', 14.99, 'ZB', 'Sala 4', 10),
(402, '2023-02-26', '15:00:00', 4.99, 'ZB', 'Sala 4', 13),
(403, '2023-02-26', '18:00:00', 7.99, 'ZB', 'Sala 4', 10),
(404, '2023-02-26', '21:00:00', 7.99, 'ZB', 'Sala 4', 4),
(405, '2023-02-26', '00:00:00', 14.99, 'ZB', 'Sala 5', 9),
(406, '2023-02-26', '15:00:00', 7.99, 'ZB', 'Sala 5', 4),
(407, '2023-02-26', '18:00:00', 14.99, 'ZB', 'Sala 5', 13),
(408, '2023-02-26', '21:00:00', 10.99, 'ZB', 'Sala 5', 11),
(409, '2023-02-26', '00:00:00', 10.99, 'ZB', 'Sala 6', 13),
(410, '2023-02-26', '15:00:00', 10.99, 'ZB', 'Sala 6', 4),
(411, '2023-02-26', '18:00:00', 10.99, 'ZB', 'Sala 6', 10),
(412, '2023-02-26', '21:00:00', 14.99, 'ZB', 'Sala 6', 8),
(413, '2023-02-26', '00:00:00', 10.99, 'ZB', 'Sala 7', 9),
(414, '2023-02-26', '15:00:00', 4.99, 'ZB', 'Sala 7', 13),
(415, '2023-02-26', '18:00:00', 4.99, 'ZB', 'Sala 7', 13),
(416, '2023-02-26', '21:00:00', 10.99, 'ZB', 'Sala 7', 14),
(417, '2023-02-26', '00:00:00', 10.99, 'ZB', 'Sala 8', 14),
(418, '2023-02-26', '15:00:00', 14.99, 'ZB', 'Sala 8', 3),
(419, '2023-02-26', '18:00:00', 10.99, 'ZB', 'Sala 8', 15),
(420, '2023-02-26', '21:00:00', 10.99, 'ZB', 'Sala 8', 9),
(421, '2023-02-27', '00:00:00', 14.99, 'GC', 'Sala 1', 1),
(422, '2023-02-27', '15:00:00', 7.99, 'GC', 'Sala 1', 8),
(423, '2023-02-27', '18:00:00', 4.99, 'GC', 'Sala 1', 4),
(424, '2023-02-27', '21:00:00', 10.99, 'GC', 'Sala 1', 3),
(425, '2023-02-27', '00:00:00', 7.99, 'GC', 'Sala 2', 6),
(426, '2023-02-27', '15:00:00', 10.99, 'GC', 'Sala 2', 6),
(427, '2023-02-27', '18:00:00', 7.99, 'GC', 'Sala 2', 8),
(428, '2023-02-27', '21:00:00', 14.99, 'GC', 'Sala 2', 2),
(429, '2023-02-27', '00:00:00', 7.99, 'GC', 'Sala 3', 9),
(430, '2023-02-27', '15:00:00', 14.99, 'GC', 'Sala 3', 5),
(431, '2023-02-27', '18:00:00', 4.99, 'GC', 'Sala 3', 10),
(432, '2023-02-27', '21:00:00', 10.99, 'GC', 'Sala 3', 4),
(433, '2023-02-27', '00:00:00', 10.99, 'GC', 'Sala 4', 9),
(434, '2023-02-27', '15:00:00', 10.99, 'GC', 'Sala 4', 9),
(435, '2023-02-27', '18:00:00', 7.99, 'GC', 'Sala 4', 7),
(436, '2023-02-27', '21:00:00', 4.99, 'GC', 'Sala 4', 8),
(437, '2023-02-27', '00:00:00', 7.99, 'GC', 'Sala 5', 2),
(438, '2023-02-27', '15:00:00', 7.99, 'GC', 'Sala 5', 11),
(439, '2023-02-27', '18:00:00', 7.99, 'GC', 'Sala 5', 8),
(440, '2023-02-27', '21:00:00', 14.99, 'GC', 'Sala 5', 12),
(441, '2023-02-27', '00:00:00', 14.99, 'GC', 'Sala 6', 12),
(442, '2023-02-27', '15:00:00', 7.99, 'GC', 'Sala 6', 11),
(443, '2023-02-27', '18:00:00', 4.99, 'GC', 'Sala 6', 1),
(444, '2023-02-27', '21:00:00', 10.99, 'GC', 'Sala 6', 1),
(445, '2023-02-27', '00:00:00', 10.99, 'YC', 'Sala 1', 4),
(446, '2023-02-27', '15:00:00', 4.99, 'YC', 'Sala 1', 1),
(447, '2023-02-27', '18:00:00', 4.99, 'YC', 'Sala 1', 8),
(448, '2023-02-27', '21:00:00', 4.99, 'YC', 'Sala 1', 6),
(449, '2023-02-27', '00:00:00', 4.99, 'YC', 'Sala 2', 3),
(450, '2023-02-27', '15:00:00', 4.99, 'YC', 'Sala 2', 10),
(451, '2023-02-27', '18:00:00', 10.99, 'YC', 'Sala 2', 5),
(452, '2023-02-27', '21:00:00', 14.99, 'YC', 'Sala 2', 7),
(453, '2023-02-27', '00:00:00', 10.99, 'YC', 'Sala 3', 4),
(454, '2023-02-27', '15:00:00', 14.99, 'YC', 'Sala 3', 11),
(455, '2023-02-27', '18:00:00', 4.99, 'YC', 'Sala 3', 12),
(456, '2023-02-27', '21:00:00', 7.99, 'YC', 'Sala 3', 1),
(457, '2023-02-27', '00:00:00', 14.99, 'YC', 'Sala 4', 5),
(458, '2023-02-27', '15:00:00', 14.99, 'YC', 'Sala 4', 8),
(459, '2023-02-27', '18:00:00', 4.99, 'YC', 'Sala 4', 7),
(460, '2023-02-27', '21:00:00', 4.99, 'YC', 'Sala 4', 4),
(461, '2023-02-27', '00:00:00', 4.99, 'YC', 'Sala 5', 15),
(462, '2023-02-27', '15:00:00', 7.99, 'YC', 'Sala 5', 5),
(463, '2023-02-27', '18:00:00', 14.99, 'YC', 'Sala 5', 12),
(464, '2023-02-27', '21:00:00', 10.99, 'YC', 'Sala 5', 4),
(465, '2023-02-27', '00:00:00', 10.99, 'YC', 'Sala 6', 1),
(466, '2023-02-27', '15:00:00', 4.99, 'YC', 'Sala 6', 13),
(467, '2023-02-27', '18:00:00', 10.99, 'YC', 'Sala 6', 10),
(468, '2023-02-27', '21:00:00', 10.99, 'YC', 'Sala 6', 8),
(469, '2023-02-27', '00:00:00', 14.99, 'YC', 'Sala 7', 13),
(470, '2023-02-27', '15:00:00', 7.99, 'YC', 'Sala 7', 7),
(471, '2023-02-27', '18:00:00', 7.99, 'YC', 'Sala 7', 11),
(472, '2023-02-27', '21:00:00', 4.99, 'YC', 'Sala 7', 5),
(473, '2023-02-27', '00:00:00', 10.99, 'ZB', 'Sala 1', 10),
(474, '2023-02-27', '15:00:00', 14.99, 'ZB', 'Sala 1', 12),
(475, '2023-02-27', '18:00:00', 14.99, 'ZB', 'Sala 1', 2),
(476, '2023-02-27', '21:00:00', 10.99, 'ZB', 'Sala 1', 4),
(477, '2023-02-27', '00:00:00', 7.99, 'ZB', 'Sala 2', 7),
(478, '2023-02-27', '15:00:00', 14.99, 'ZB', 'Sala 2', 3),
(479, '2023-02-27', '18:00:00', 7.99, 'ZB', 'Sala 2', 14),
(480, '2023-02-27', '21:00:00', 4.99, 'ZB', 'Sala 2', 2),
(481, '2023-02-27', '00:00:00', 4.99, 'ZB', 'Sala 3', 2),
(482, '2023-02-27', '15:00:00', 7.99, 'ZB', 'Sala 3', 4),
(483, '2023-02-27', '18:00:00', 7.99, 'ZB', 'Sala 3', 13),
(484, '2023-02-27', '21:00:00', 10.99, 'ZB', 'Sala 3', 9),
(485, '2023-02-27', '00:00:00', 7.99, 'ZB', 'Sala 4', 5),
(486, '2023-02-27', '15:00:00', 10.99, 'ZB', 'Sala 4', 13),
(487, '2023-02-27', '18:00:00', 7.99, 'ZB', 'Sala 4', 13),
(488, '2023-02-27', '21:00:00', 4.99, 'ZB', 'Sala 4', 6),
(489, '2023-02-27', '00:00:00', 14.99, 'ZB', 'Sala 5', 1),
(490, '2023-02-27', '15:00:00', 10.99, 'ZB', 'Sala 5', 5),
(491, '2023-02-27', '18:00:00', 7.99, 'ZB', 'Sala 5', 11),
(492, '2023-02-27', '21:00:00', 14.99, 'ZB', 'Sala 5', 12),
(493, '2023-02-27', '00:00:00', 7.99, 'ZB', 'Sala 6', 6),
(494, '2023-02-27', '15:00:00', 7.99, 'ZB', 'Sala 6', 13),
(495, '2023-02-27', '18:00:00', 14.99, 'ZB', 'Sala 6', 8),
(496, '2023-02-27', '21:00:00', 7.99, 'ZB', 'Sala 6', 8),
(497, '2023-02-27', '00:00:00', 10.99, 'ZB', 'Sala 7', 8),
(498, '2023-02-27', '15:00:00', 10.99, 'ZB', 'Sala 7', 11),
(499, '2023-02-27', '18:00:00', 10.99, 'ZB', 'Sala 7', 2),
(500, '2023-02-27', '21:00:00', 14.99, 'ZB', 'Sala 7', 6),
(501, '2023-02-27', '00:00:00', 14.99, 'ZB', 'Sala 8', 7),
(502, '2023-02-27', '15:00:00', 4.99, 'ZB', 'Sala 8', 12),
(503, '2023-02-27', '18:00:00', 4.99, 'ZB', 'Sala 8', 12),
(504, '2023-02-27', '21:00:00', 4.99, 'ZB', 'Sala 8', 1),
(505, '2023-02-28', '00:00:00', 7.99, 'GC', 'Sala 1', 10),
(506, '2023-02-28', '15:00:00', 14.99, 'GC', 'Sala 1', 11),
(507, '2023-02-28', '18:00:00', 4.99, 'GC', 'Sala 1', 10),
(508, '2023-02-28', '21:00:00', 4.99, 'GC', 'Sala 1', 12),
(509, '2023-02-28', '00:00:00', 14.99, 'GC', 'Sala 2', 11),
(510, '2023-02-28', '15:00:00', 4.99, 'GC', 'Sala 2', 10),
(511, '2023-02-28', '18:00:00', 7.99, 'GC', 'Sala 2', 12),
(512, '2023-02-28', '21:00:00', 10.99, 'GC', 'Sala 2', 15),
(513, '2023-02-28', '00:00:00', 4.99, 'GC', 'Sala 3', 5),
(514, '2023-02-28', '15:00:00', 7.99, 'GC', 'Sala 3', 5),
(515, '2023-02-28', '18:00:00', 7.99, 'GC', 'Sala 3', 13),
(516, '2023-02-28', '21:00:00', 4.99, 'GC', 'Sala 3', 11),
(517, '2023-02-28', '00:00:00', 14.99, 'GC', 'Sala 4', 9),
(518, '2023-02-28', '15:00:00', 10.99, 'GC', 'Sala 4', 14),
(519, '2023-02-28', '18:00:00', 10.99, 'GC', 'Sala 4', 15),
(520, '2023-02-28', '21:00:00', 14.99, 'GC', 'Sala 4', 1),
(521, '2023-02-28', '00:00:00', 14.99, 'GC', 'Sala 5', 1),
(522, '2023-02-28', '15:00:00', 4.99, 'GC', 'Sala 5', 2),
(523, '2023-02-28', '18:00:00', 7.99, 'GC', 'Sala 5', 12),
(524, '2023-02-28', '21:00:00', 14.99, 'GC', 'Sala 5', 14),
(525, '2023-02-28', '00:00:00', 4.99, 'GC', 'Sala 6', 5),
(526, '2023-02-28', '15:00:00', 4.99, 'GC', 'Sala 6', 15),
(527, '2023-02-28', '18:00:00', 4.99, 'GC', 'Sala 6', 2),
(528, '2023-02-28', '21:00:00', 7.99, 'GC', 'Sala 6', 2),
(529, '2023-02-28', '00:00:00', 14.99, 'YC', 'Sala 1', 4),
(530, '2023-02-28', '15:00:00', 7.99, 'YC', 'Sala 1', 14),
(531, '2023-02-28', '18:00:00', 10.99, 'YC', 'Sala 1', 10),
(532, '2023-02-28', '21:00:00', 7.99, 'YC', 'Sala 1', 8),
(533, '2023-02-28', '00:00:00', 7.99, 'YC', 'Sala 2', 15),
(534, '2023-02-28', '15:00:00', 10.99, 'YC', 'Sala 2', 13),
(535, '2023-02-28', '18:00:00', 7.99, 'YC', 'Sala 2', 1),
(536, '2023-02-28', '21:00:00', 4.99, 'YC', 'Sala 2', 5),
(537, '2023-02-28', '00:00:00', 10.99, 'YC', 'Sala 3', 4),
(538, '2023-02-28', '15:00:00', 4.99, 'YC', 'Sala 3', 11),
(539, '2023-02-28', '18:00:00', 7.99, 'YC', 'Sala 3', 2),
(540, '2023-02-28', '21:00:00', 7.99, 'YC', 'Sala 3', 7),
(541, '2023-02-28', '00:00:00', 14.99, 'YC', 'Sala 4', 15),
(542, '2023-02-28', '15:00:00', 4.99, 'YC', 'Sala 4', 11),
(543, '2023-02-28', '18:00:00', 14.99, 'YC', 'Sala 4', 7),
(544, '2023-02-28', '21:00:00', 10.99, 'YC', 'Sala 4', 14),
(545, '2023-02-28', '00:00:00', 4.99, 'YC', 'Sala 5', 11),
(546, '2023-02-28', '15:00:00', 10.99, 'YC', 'Sala 5', 15),
(547, '2023-02-28', '18:00:00', 14.99, 'YC', 'Sala 5', 14),
(548, '2023-02-28', '21:00:00', 7.99, 'YC', 'Sala 5', 3),
(549, '2023-02-28', '00:00:00', 7.99, 'YC', 'Sala 6', 5),
(550, '2023-02-28', '15:00:00', 4.99, 'YC', 'Sala 6', 10),
(551, '2023-02-28', '18:00:00', 10.99, 'YC', 'Sala 6', 8),
(552, '2023-02-28', '21:00:00', 10.99, 'YC', 'Sala 6', 9),
(553, '2023-02-28', '00:00:00', 14.99, 'YC', 'Sala 7', 9),
(554, '2023-02-28', '15:00:00', 7.99, 'YC', 'Sala 7', 2),
(555, '2023-02-28', '18:00:00', 7.99, 'YC', 'Sala 7', 3),
(556, '2023-02-28', '21:00:00', 14.99, 'YC', 'Sala 7', 3),
(557, '2023-02-28', '00:00:00', 14.99, 'ZB', 'Sala 1', 6),
(558, '2023-02-28', '15:00:00', 14.99, 'ZB', 'Sala 1', 9),
(559, '2023-02-28', '18:00:00', 4.99, 'ZB', 'Sala 1', 13),
(560, '2023-02-28', '21:00:00', 10.99, 'ZB', 'Sala 1', 4),
(561, '2023-02-28', '00:00:00', 10.99, 'ZB', 'Sala 2', 13),
(562, '2023-02-28', '15:00:00', 4.99, 'ZB', 'Sala 2', 12),
(563, '2023-02-28', '18:00:00', 4.99, 'ZB', 'Sala 2', 10),
(564, '2023-02-28', '21:00:00', 4.99, 'ZB', 'Sala 2', 6),
(565, '2023-02-28', '00:00:00', 7.99, 'ZB', 'Sala 3', 5),
(566, '2023-02-28', '15:00:00', 7.99, 'ZB', 'Sala 3', 7),
(567, '2023-02-28', '18:00:00', 14.99, 'ZB', 'Sala 3', 9),
(568, '2023-02-28', '21:00:00', 4.99, 'ZB', 'Sala 3', 12),
(569, '2023-02-28', '00:00:00', 10.99, 'ZB', 'Sala 4', 5),
(570, '2023-02-28', '15:00:00', 10.99, 'ZB', 'Sala 4', 2),
(571, '2023-02-28', '18:00:00', 10.99, 'ZB', 'Sala 4', 1),
(572, '2023-02-28', '21:00:00', 14.99, 'ZB', 'Sala 4', 11),
(573, '2023-02-28', '00:00:00', 4.99, 'ZB', 'Sala 5', 11),
(574, '2023-02-28', '15:00:00', 4.99, 'ZB', 'Sala 5', 4),
(575, '2023-02-28', '18:00:00', 7.99, 'ZB', 'Sala 5', 10),
(576, '2023-02-28', '21:00:00', 7.99, 'ZB', 'Sala 5', 15),
(577, '2023-02-28', '00:00:00', 14.99, 'ZB', 'Sala 6', 4),
(578, '2023-02-28', '15:00:00', 14.99, 'ZB', 'Sala 6', 12),
(579, '2023-02-28', '18:00:00', 14.99, 'ZB', 'Sala 6', 5),
(580, '2023-02-28', '21:00:00', 4.99, 'ZB', 'Sala 6', 12),
(581, '2023-02-28', '00:00:00', 14.99, 'ZB', 'Sala 7', 3),
(582, '2023-02-28', '15:00:00', 4.99, 'ZB', 'Sala 7', 5),
(583, '2023-02-28', '18:00:00', 4.99, 'ZB', 'Sala 7', 2),
(584, '2023-02-28', '21:00:00', 10.99, 'ZB', 'Sala 7', 4),
(585, '2023-02-28', '00:00:00', 4.99, 'ZB', 'Sala 8', 1),
(586, '2023-02-28', '15:00:00', 7.99, 'ZB', 'Sala 8', 9),
(587, '2023-02-28', '18:00:00', 10.99, 'ZB', 'Sala 8', 8),
(588, '2023-02-28', '21:00:00', 4.99, 'ZB', 'Sala 8', 3),
(589, '2023-03-01', '00:00:00', 4.99, 'GC', 'Sala 1', 5),
(590, '2023-03-01', '15:00:00', 10.99, 'GC', 'Sala 1', 15),
(591, '2023-03-01', '18:00:00', 4.99, 'GC', 'Sala 1', 5),
(592, '2023-03-01', '21:00:00', 7.99, 'GC', 'Sala 1', 13),
(593, '2023-03-01', '00:00:00', 14.99, 'GC', 'Sala 2', 5),
(594, '2023-03-01', '15:00:00', 7.99, 'GC', 'Sala 2', 15),
(595, '2023-03-01', '18:00:00', 10.99, 'GC', 'Sala 2', 3),
(596, '2023-03-01', '21:00:00', 4.99, 'GC', 'Sala 2', 5),
(597, '2023-03-01', '00:00:00', 7.99, 'GC', 'Sala 3', 5),
(598, '2023-03-01', '15:00:00', 14.99, 'GC', 'Sala 3', 12),
(599, '2023-03-01', '18:00:00', 10.99, 'GC', 'Sala 3', 1),
(600, '2023-03-01', '21:00:00', 10.99, 'GC', 'Sala 3', 15),
(601, '2023-03-01', '00:00:00', 10.99, 'GC', 'Sala 4', 11),
(602, '2023-03-01', '15:00:00', 7.99, 'GC', 'Sala 4', 15),
(603, '2023-03-01', '18:00:00', 10.99, 'GC', 'Sala 4', 4),
(604, '2023-03-01', '21:00:00', 7.99, 'GC', 'Sala 4', 10),
(605, '2023-03-01', '00:00:00', 10.99, 'GC', 'Sala 5', 4),
(606, '2023-03-01', '15:00:00', 7.99, 'GC', 'Sala 5', 7),
(607, '2023-03-01', '18:00:00', 4.99, 'GC', 'Sala 5', 5),
(608, '2023-03-01', '21:00:00', 10.99, 'GC', 'Sala 5', 12),
(609, '2023-03-01', '00:00:00', 4.99, 'GC', 'Sala 6', 12),
(610, '2023-03-01', '15:00:00', 7.99, 'GC', 'Sala 6', 5),
(611, '2023-03-01', '18:00:00', 10.99, 'GC', 'Sala 6', 14),
(612, '2023-03-01', '21:00:00', 14.99, 'GC', 'Sala 6', 8),
(613, '2023-03-01', '00:00:00', 10.99, 'YC', 'Sala 1', 7),
(614, '2023-03-01', '15:00:00', 10.99, 'YC', 'Sala 1', 10),
(615, '2023-03-01', '18:00:00', 14.99, 'YC', 'Sala 1', 14),
(616, '2023-03-01', '21:00:00', 7.99, 'YC', 'Sala 1', 12),
(617, '2023-03-01', '00:00:00', 4.99, 'YC', 'Sala 2', 7),
(618, '2023-03-01', '15:00:00', 7.99, 'YC', 'Sala 2', 7),
(619, '2023-03-01', '18:00:00', 14.99, 'YC', 'Sala 2', 11),
(620, '2023-03-01', '21:00:00', 14.99, 'YC', 'Sala 2', 8),
(621, '2023-03-01', '00:00:00', 10.99, 'YC', 'Sala 3', 3),
(622, '2023-03-01', '15:00:00', 10.99, 'YC', 'Sala 3', 12),
(623, '2023-03-01', '18:00:00', 7.99, 'YC', 'Sala 3', 8),
(624, '2023-03-01', '21:00:00', 4.99, 'YC', 'Sala 3', 9),
(625, '2023-03-01', '00:00:00', 4.99, 'YC', 'Sala 4', 5),
(626, '2023-03-01', '15:00:00', 10.99, 'YC', 'Sala 4', 4),
(627, '2023-03-01', '18:00:00', 4.99, 'YC', 'Sala 4', 4),
(628, '2023-03-01', '21:00:00', 14.99, 'YC', 'Sala 4', 4),
(629, '2023-03-01', '00:00:00', 7.99, 'YC', 'Sala 5', 1),
(630, '2023-03-01', '15:00:00', 10.99, 'YC', 'Sala 5', 5),
(631, '2023-03-01', '18:00:00', 7.99, 'YC', 'Sala 5', 11),
(632, '2023-03-01', '21:00:00', 10.99, 'YC', 'Sala 5', 7),
(633, '2023-03-01', '00:00:00', 4.99, 'YC', 'Sala 6', 4),
(634, '2023-03-01', '15:00:00', 10.99, 'YC', 'Sala 6', 15),
(635, '2023-03-01', '18:00:00', 7.99, 'YC', 'Sala 6', 14),
(636, '2023-03-01', '21:00:00', 4.99, 'YC', 'Sala 6', 8),
(637, '2023-03-01', '00:00:00', 10.99, 'YC', 'Sala 7', 14),
(638, '2023-03-01', '15:00:00', 14.99, 'YC', 'Sala 7', 12),
(639, '2023-03-01', '18:00:00', 7.99, 'YC', 'Sala 7', 5),
(640, '2023-03-01', '21:00:00', 7.99, 'YC', 'Sala 7', 11),
(641, '2023-03-01', '00:00:00', 7.99, 'ZB', 'Sala 1', 11),
(642, '2023-03-01', '15:00:00', 10.99, 'ZB', 'Sala 1', 7),
(643, '2023-03-01', '18:00:00', 14.99, 'ZB', 'Sala 1', 14),
(644, '2023-03-01', '21:00:00', 14.99, 'ZB', 'Sala 1', 7),
(645, '2023-03-01', '00:00:00', 14.99, 'ZB', 'Sala 2', 7),
(646, '2023-03-01', '15:00:00', 14.99, 'ZB', 'Sala 2', 3),
(647, '2023-03-01', '18:00:00', 14.99, 'ZB', 'Sala 2', 14),
(648, '2023-03-01', '21:00:00', 10.99, 'ZB', 'Sala 2', 3),
(649, '2023-03-01', '00:00:00', 7.99, 'ZB', 'Sala 3', 4),
(650, '2023-03-01', '15:00:00', 14.99, 'ZB', 'Sala 3', 14),
(651, '2023-03-01', '18:00:00', 10.99, 'ZB', 'Sala 3', 8),
(652, '2023-03-01', '21:00:00', 14.99, 'ZB', 'Sala 3', 8),
(653, '2023-03-01', '00:00:00', 14.99, 'ZB', 'Sala 4', 14),
(654, '2023-03-01', '15:00:00', 10.99, 'ZB', 'Sala 4', 8),
(655, '2023-03-01', '18:00:00', 10.99, 'ZB', 'Sala 4', 8),
(656, '2023-03-01', '21:00:00', 7.99, 'ZB', 'Sala 4', 8),
(657, '2023-03-01', '00:00:00', 7.99, 'ZB', 'Sala 5', 11),
(658, '2023-03-01', '15:00:00', 14.99, 'ZB', 'Sala 5', 3),
(659, '2023-03-01', '18:00:00', 7.99, 'ZB', 'Sala 5', 2),
(660, '2023-03-01', '21:00:00', 14.99, 'ZB', 'Sala 5', 8),
(661, '2023-03-01', '00:00:00', 4.99, 'ZB', 'Sala 6', 3),
(662, '2023-03-01', '15:00:00', 7.99, 'ZB', 'Sala 6', 6),
(663, '2023-03-01', '18:00:00', 4.99, 'ZB', 'Sala 6', 11),
(664, '2023-03-01', '21:00:00', 7.99, 'ZB', 'Sala 6', 5),
(665, '2023-03-01', '00:00:00', 7.99, 'ZB', 'Sala 7', 15),
(666, '2023-03-01', '15:00:00', 14.99, 'ZB', 'Sala 7', 14),
(667, '2023-03-01', '18:00:00', 7.99, 'ZB', 'Sala 7', 5),
(668, '2023-03-01', '21:00:00', 4.99, 'ZB', 'Sala 7', 13),
(669, '2023-03-01', '00:00:00', 7.99, 'ZB', 'Sala 8', 7),
(670, '2023-03-01', '15:00:00', 4.99, 'ZB', 'Sala 8', 6),
(671, '2023-03-01', '18:00:00', 14.99, 'ZB', 'Sala 8', 5),
(672, '2023-03-01', '21:00:00', 4.99, 'ZB', 'Sala 8', 4),
(673, '2023-03-02', '00:00:00', 4.99, 'GC', 'Sala 1', 15),
(674, '2023-03-02', '15:00:00', 7.99, 'GC', 'Sala 1', 8),
(675, '2023-03-02', '18:00:00', 7.99, 'GC', 'Sala 1', 12),
(676, '2023-03-02', '21:00:00', 7.99, 'GC', 'Sala 1', 7),
(677, '2023-03-02', '00:00:00', 7.99, 'GC', 'Sala 2', 7),
(678, '2023-03-02', '15:00:00', 10.99, 'GC', 'Sala 2', 8),
(679, '2023-03-02', '18:00:00', 7.99, 'GC', 'Sala 2', 14),
(680, '2023-03-02', '21:00:00', 7.99, 'GC', 'Sala 2', 6),
(681, '2023-03-02', '00:00:00', 14.99, 'GC', 'Sala 3', 15),
(682, '2023-03-02', '15:00:00', 10.99, 'GC', 'Sala 3', 9),
(683, '2023-03-02', '18:00:00', 10.99, 'GC', 'Sala 3', 10),
(684, '2023-03-02', '21:00:00', 7.99, 'GC', 'Sala 3', 15),
(685, '2023-03-02', '00:00:00', 10.99, 'GC', 'Sala 4', 7),
(686, '2023-03-02', '15:00:00', 14.99, 'GC', 'Sala 4', 11),
(687, '2023-03-02', '18:00:00', 4.99, 'GC', 'Sala 4', 6),
(688, '2023-03-02', '21:00:00', 14.99, 'GC', 'Sala 4', 15),
(689, '2023-03-02', '00:00:00', 14.99, 'GC', 'Sala 5', 7),
(690, '2023-03-02', '15:00:00', 10.99, 'GC', 'Sala 5', 2),
(691, '2023-03-02', '18:00:00', 7.99, 'GC', 'Sala 5', 9),
(692, '2023-03-02', '21:00:00', 7.99, 'GC', 'Sala 5', 11),
(693, '2023-03-02', '00:00:00', 14.99, 'GC', 'Sala 6', 3),
(694, '2023-03-02', '15:00:00', 4.99, 'GC', 'Sala 6', 3),
(695, '2023-03-02', '18:00:00', 14.99, 'GC', 'Sala 6', 7),
(696, '2023-03-02', '21:00:00', 4.99, 'GC', 'Sala 6', 2),
(697, '2023-03-02', '00:00:00', 7.99, 'YC', 'Sala 1', 11),
(698, '2023-03-02', '15:00:00', 14.99, 'YC', 'Sala 1', 15),
(699, '2023-03-02', '18:00:00', 14.99, 'YC', 'Sala 1', 9),
(700, '2023-03-02', '21:00:00', 7.99, 'YC', 'Sala 1', 15),
(701, '2023-03-02', '00:00:00', 7.99, 'YC', 'Sala 2', 4),
(702, '2023-03-02', '15:00:00', 10.99, 'YC', 'Sala 2', 7),
(703, '2023-03-02', '18:00:00', 10.99, 'YC', 'Sala 2', 6),
(704, '2023-03-02', '21:00:00', 7.99, 'YC', 'Sala 2', 3),
(705, '2023-03-02', '00:00:00', 7.99, 'YC', 'Sala 3', 8),
(706, '2023-03-02', '15:00:00', 4.99, 'YC', 'Sala 3', 11),
(707, '2023-03-02', '18:00:00', 10.99, 'YC', 'Sala 3', 11),
(708, '2023-03-02', '21:00:00', 7.99, 'YC', 'Sala 3', 14),
(709, '2023-03-02', '00:00:00', 7.99, 'YC', 'Sala 4', 8),
(710, '2023-03-02', '15:00:00', 10.99, 'YC', 'Sala 4', 14),
(711, '2023-03-02', '18:00:00', 7.99, 'YC', 'Sala 4', 6),
(712, '2023-03-02', '21:00:00', 7.99, 'YC', 'Sala 4', 3),
(713, '2023-03-02', '00:00:00', 4.99, 'YC', 'Sala 5', 9),
(714, '2023-03-02', '15:00:00', 14.99, 'YC', 'Sala 5', 14),
(715, '2023-03-02', '18:00:00', 7.99, 'YC', 'Sala 5', 13),
(716, '2023-03-02', '21:00:00', 7.99, 'YC', 'Sala 5', 13),
(717, '2023-03-02', '00:00:00', 10.99, 'YC', 'Sala 6', 15),
(718, '2023-03-02', '15:00:00', 4.99, 'YC', 'Sala 6', 6),
(719, '2023-03-02', '18:00:00', 4.99, 'YC', 'Sala 6', 10),
(720, '2023-03-02', '21:00:00', 10.99, 'YC', 'Sala 6', 3),
(721, '2023-03-02', '00:00:00', 7.99, 'YC', 'Sala 7', 4),
(722, '2023-03-02', '15:00:00', 4.99, 'YC', 'Sala 7', 12),
(723, '2023-03-02', '18:00:00', 14.99, 'YC', 'Sala 7', 5),
(724, '2023-03-02', '21:00:00', 14.99, 'YC', 'Sala 7', 4),
(725, '2023-03-02', '00:00:00', 4.99, 'ZB', 'Sala 1', 10),
(726, '2023-03-02', '15:00:00', 7.99, 'ZB', 'Sala 1', 6),
(727, '2023-03-02', '18:00:00', 10.99, 'ZB', 'Sala 1', 10),
(728, '2023-03-02', '21:00:00', 10.99, 'ZB', 'Sala 1', 8),
(729, '2023-03-02', '00:00:00', 14.99, 'ZB', 'Sala 2', 3),
(730, '2023-03-02', '15:00:00', 10.99, 'ZB', 'Sala 2', 15),
(731, '2023-03-02', '18:00:00', 4.99, 'ZB', 'Sala 2', 6),
(732, '2023-03-02', '21:00:00', 14.99, 'ZB', 'Sala 2', 12),
(733, '2023-03-02', '00:00:00', 10.99, 'ZB', 'Sala 3', 11),
(734, '2023-03-02', '15:00:00', 4.99, 'ZB', 'Sala 3', 5),
(735, '2023-03-02', '18:00:00', 14.99, 'ZB', 'Sala 3', 1),
(736, '2023-03-02', '21:00:00', 4.99, 'ZB', 'Sala 3', 15),
(737, '2023-03-02', '00:00:00', 4.99, 'ZB', 'Sala 4', 9),
(738, '2023-03-02', '15:00:00', 14.99, 'ZB', 'Sala 4', 6),
(739, '2023-03-02', '18:00:00', 14.99, 'ZB', 'Sala 4', 14),
(740, '2023-03-02', '21:00:00', 10.99, 'ZB', 'Sala 4', 9),
(741, '2023-03-02', '00:00:00', 4.99, 'ZB', 'Sala 5', 3),
(742, '2023-03-02', '15:00:00', 4.99, 'ZB', 'Sala 5', 15),
(743, '2023-03-02', '18:00:00', 10.99, 'ZB', 'Sala 5', 3),
(744, '2023-03-02', '21:00:00', 7.99, 'ZB', 'Sala 5', 14),
(745, '2023-03-02', '00:00:00', 4.99, 'ZB', 'Sala 6', 4),
(746, '2023-03-02', '15:00:00', 10.99, 'ZB', 'Sala 6', 5),
(747, '2023-03-02', '18:00:00', 7.99, 'ZB', 'Sala 6', 11),
(748, '2023-03-02', '21:00:00', 14.99, 'ZB', 'Sala 6', 6),
(749, '2023-03-02', '00:00:00', 10.99, 'ZB', 'Sala 7', 6),
(750, '2023-03-02', '15:00:00', 7.99, 'ZB', 'Sala 7', 13),
(751, '2023-03-02', '18:00:00', 10.99, 'ZB', 'Sala 7', 7),
(752, '2023-03-02', '21:00:00', 14.99, 'ZB', 'Sala 7', 3),
(753, '2023-03-02', '00:00:00', 4.99, 'ZB', 'Sala 8', 9),
(754, '2023-03-02', '15:00:00', 14.99, 'ZB', 'Sala 8', 3),
(755, '2023-03-02', '18:00:00', 7.99, 'ZB', 'Sala 8', 2),
(756, '2023-03-02', '21:00:00', 14.99, 'ZB', 'Sala 8', 5),
(757, '2023-03-03', '00:00:00', 14.99, 'GC', 'Sala 1', 11),
(758, '2023-03-03', '15:00:00', 10.99, 'GC', 'Sala 1', 2),
(759, '2023-03-03', '18:00:00', 4.99, 'GC', 'Sala 1', 1),
(760, '2023-03-03', '21:00:00', 7.99, 'GC', 'Sala 1', 4),
(761, '2023-03-03', '00:00:00', 4.99, 'GC', 'Sala 2', 4),
(762, '2023-03-03', '15:00:00', 10.99, 'GC', 'Sala 2', 11),
(763, '2023-03-03', '18:00:00', 4.99, 'GC', 'Sala 2', 1),
(764, '2023-03-03', '21:00:00', 4.99, 'GC', 'Sala 2', 11),
(765, '2023-03-03', '00:00:00', 7.99, 'GC', 'Sala 3', 7),
(766, '2023-03-03', '15:00:00', 7.99, 'GC', 'Sala 3', 12),
(767, '2023-03-03', '18:00:00', 4.99, 'GC', 'Sala 3', 11),
(768, '2023-03-03', '21:00:00', 7.99, 'GC', 'Sala 3', 15),
(769, '2023-03-03', '00:00:00', 10.99, 'GC', 'Sala 4', 13),
(770, '2023-03-03', '15:00:00', 7.99, 'GC', 'Sala 4', 15),
(771, '2023-03-03', '18:00:00', 7.99, 'GC', 'Sala 4', 11),
(772, '2023-03-03', '21:00:00', 14.99, 'GC', 'Sala 4', 5),
(773, '2023-03-03', '00:00:00', 14.99, 'GC', 'Sala 5', 4),
(774, '2023-03-03', '15:00:00', 4.99, 'GC', 'Sala 5', 9),
(775, '2023-03-03', '18:00:00', 7.99, 'GC', 'Sala 5', 4),
(776, '2023-03-03', '21:00:00', 4.99, 'GC', 'Sala 5', 3),
(777, '2023-03-03', '00:00:00', 7.99, 'GC', 'Sala 6', 5),
(778, '2023-03-03', '15:00:00', 7.99, 'GC', 'Sala 6', 8),
(779, '2023-03-03', '18:00:00', 10.99, 'GC', 'Sala 6', 6),
(780, '2023-03-03', '21:00:00', 4.99, 'GC', 'Sala 6', 5),
(781, '2023-03-03', '00:00:00', 4.99, 'YC', 'Sala 1', 4),
(782, '2023-03-03', '15:00:00', 14.99, 'YC', 'Sala 1', 12),
(783, '2023-03-03', '18:00:00', 10.99, 'YC', 'Sala 1', 15),
(784, '2023-03-03', '21:00:00', 10.99, 'YC', 'Sala 1', 10),
(785, '2023-03-03', '00:00:00', 10.99, 'YC', 'Sala 2', 2),
(786, '2023-03-03', '15:00:00', 7.99, 'YC', 'Sala 2', 4),
(787, '2023-03-03', '18:00:00', 4.99, 'YC', 'Sala 2', 15),
(788, '2023-03-03', '21:00:00', 14.99, 'YC', 'Sala 2', 13),
(789, '2023-03-03', '00:00:00', 14.99, 'YC', 'Sala 3', 1),
(790, '2023-03-03', '15:00:00', 4.99, 'YC', 'Sala 3', 6),
(791, '2023-03-03', '18:00:00', 4.99, 'YC', 'Sala 3', 4),
(792, '2023-03-03', '21:00:00', 14.99, 'YC', 'Sala 3', 11),
(793, '2023-03-03', '00:00:00', 14.99, 'YC', 'Sala 4', 2),
(794, '2023-03-03', '15:00:00', 4.99, 'YC', 'Sala 4', 2),
(795, '2023-03-03', '18:00:00', 14.99, 'YC', 'Sala 4', 13),
(796, '2023-03-03', '21:00:00', 14.99, 'YC', 'Sala 4', 7),
(797, '2023-03-03', '00:00:00', 14.99, 'YC', 'Sala 5', 6),
(798, '2023-03-03', '15:00:00', 14.99, 'YC', 'Sala 5', 12),
(799, '2023-03-03', '18:00:00', 4.99, 'YC', 'Sala 5', 14),
(800, '2023-03-03', '21:00:00', 4.99, 'YC', 'Sala 5', 10),
(801, '2023-03-03', '00:00:00', 10.99, 'YC', 'Sala 6', 11),
(802, '2023-03-03', '15:00:00', 7.99, 'YC', 'Sala 6', 15),
(803, '2023-03-03', '18:00:00', 7.99, 'YC', 'Sala 6', 2),
(804, '2023-03-03', '21:00:00', 14.99, 'YC', 'Sala 6', 1),
(805, '2023-03-03', '00:00:00', 10.99, 'YC', 'Sala 7', 10),
(806, '2023-03-03', '15:00:00', 14.99, 'YC', 'Sala 7', 8),
(807, '2023-03-03', '18:00:00', 10.99, 'YC', 'Sala 7', 7),
(808, '2023-03-03', '21:00:00', 7.99, 'YC', 'Sala 7', 15),
(809, '2023-03-03', '00:00:00', 14.99, 'ZB', 'Sala 1', 1),
(810, '2023-03-03', '15:00:00', 7.99, 'ZB', 'Sala 1', 13),
(811, '2023-03-03', '18:00:00', 14.99, 'ZB', 'Sala 1', 5),
(812, '2023-03-03', '21:00:00', 10.99, 'ZB', 'Sala 1', 6),
(813, '2023-03-03', '00:00:00', 14.99, 'ZB', 'Sala 2', 7),
(814, '2023-03-03', '15:00:00', 4.99, 'ZB', 'Sala 2', 9),
(815, '2023-03-03', '18:00:00', 14.99, 'ZB', 'Sala 2', 11),
(816, '2023-03-03', '21:00:00', 7.99, 'ZB', 'Sala 2', 8),
(817, '2023-03-03', '00:00:00', 10.99, 'ZB', 'Sala 3', 15),
(818, '2023-03-03', '15:00:00', 4.99, 'ZB', 'Sala 3', 12),
(819, '2023-03-03', '18:00:00', 4.99, 'ZB', 'Sala 3', 13),
(820, '2023-03-03', '21:00:00', 10.99, 'ZB', 'Sala 3', 11),
(821, '2023-03-03', '00:00:00', 7.99, 'ZB', 'Sala 4', 4),
(822, '2023-03-03', '15:00:00', 4.99, 'ZB', 'Sala 4', 5),
(823, '2023-03-03', '18:00:00', 10.99, 'ZB', 'Sala 4', 3),
(824, '2023-03-03', '21:00:00', 10.99, 'ZB', 'Sala 4', 14),
(825, '2023-03-03', '00:00:00', 14.99, 'ZB', 'Sala 5', 1),
(826, '2023-03-03', '15:00:00', 10.99, 'ZB', 'Sala 5', 8),
(827, '2023-03-03', '18:00:00', 10.99, 'ZB', 'Sala 5', 5),
(828, '2023-03-03', '21:00:00', 10.99, 'ZB', 'Sala 5', 8),
(829, '2023-03-03', '00:00:00', 4.99, 'ZB', 'Sala 6', 9),
(830, '2023-03-03', '15:00:00', 14.99, 'ZB', 'Sala 6', 12),
(831, '2023-03-03', '18:00:00', 4.99, 'ZB', 'Sala 6', 10),
(832, '2023-03-03', '21:00:00', 14.99, 'ZB', 'Sala 6', 3),
(833, '2023-03-03', '00:00:00', 10.99, 'ZB', 'Sala 7', 11),
(834, '2023-03-03', '15:00:00', 14.99, 'ZB', 'Sala 7', 6),
(835, '2023-03-03', '18:00:00', 4.99, 'ZB', 'Sala 7', 12),
(836, '2023-03-03', '21:00:00', 10.99, 'ZB', 'Sala 7', 3),
(837, '2023-03-03', '00:00:00', 7.99, 'ZB', 'Sala 8', 1),
(838, '2023-03-03', '15:00:00', 7.99, 'ZB', 'Sala 8', 8),
(839, '2023-03-03', '18:00:00', 4.99, 'ZB', 'Sala 8', 6),
(840, '2023-03-03', '21:00:00', 7.99, 'ZB', 'Sala 8', 1),
(841, '2023-03-04', '00:00:00', 7.99, 'GC', 'Sala 1', 1),
(842, '2023-03-04', '15:00:00', 4.99, 'GC', 'Sala 1', 10),
(843, '2023-03-04', '18:00:00', 4.99, 'GC', 'Sala 1', 3),
(844, '2023-03-04', '21:00:00', 14.99, 'GC', 'Sala 1', 6),
(845, '2023-03-04', '00:00:00', 10.99, 'GC', 'Sala 2', 2),
(846, '2023-03-04', '15:00:00', 14.99, 'GC', 'Sala 2', 9),
(847, '2023-03-04', '18:00:00', 7.99, 'GC', 'Sala 2', 9),
(848, '2023-03-04', '21:00:00', 10.99, 'GC', 'Sala 2', 12),
(849, '2023-03-04', '00:00:00', 7.99, 'GC', 'Sala 3', 15),
(850, '2023-03-04', '15:00:00', 14.99, 'GC', 'Sala 3', 1),
(851, '2023-03-04', '18:00:00', 7.99, 'GC', 'Sala 3', 6),
(852, '2023-03-04', '21:00:00', 4.99, 'GC', 'Sala 3', 3),
(853, '2023-03-04', '00:00:00', 4.99, 'GC', 'Sala 4', 5),
(854, '2023-03-04', '15:00:00', 7.99, 'GC', 'Sala 4', 8),
(855, '2023-03-04', '18:00:00', 10.99, 'GC', 'Sala 4', 7),
(856, '2023-03-04', '21:00:00', 10.99, 'GC', 'Sala 4', 1),
(857, '2023-03-04', '00:00:00', 14.99, 'GC', 'Sala 5', 2),
(858, '2023-03-04', '15:00:00', 7.99, 'GC', 'Sala 5', 5),
(859, '2023-03-04', '18:00:00', 14.99, 'GC', 'Sala 5', 7),
(860, '2023-03-04', '21:00:00', 7.99, 'GC', 'Sala 5', 8),
(861, '2023-03-04', '00:00:00', 14.99, 'GC', 'Sala 6', 13),
(862, '2023-03-04', '15:00:00', 4.99, 'GC', 'Sala 6', 3),
(863, '2023-03-04', '18:00:00', 4.99, 'GC', 'Sala 6', 5),
(864, '2023-03-04', '21:00:00', 14.99, 'GC', 'Sala 6', 3),
(865, '2023-03-04', '00:00:00', 4.99, 'YC', 'Sala 1', 12),
(866, '2023-03-04', '15:00:00', 10.99, 'YC', 'Sala 1', 11),
(867, '2023-03-04', '18:00:00', 14.99, 'YC', 'Sala 1', 9),
(868, '2023-03-04', '21:00:00', 7.99, 'YC', 'Sala 1', 11),
(869, '2023-03-04', '00:00:00', 10.99, 'YC', 'Sala 2', 1),
(870, '2023-03-04', '15:00:00', 7.99, 'YC', 'Sala 2', 12),
(871, '2023-03-04', '18:00:00', 4.99, 'YC', 'Sala 2', 5),
(872, '2023-03-04', '21:00:00', 10.99, 'YC', 'Sala 2', 12),
(873, '2023-03-04', '00:00:00', 7.99, 'YC', 'Sala 3', 13),
(874, '2023-03-04', '15:00:00', 14.99, 'YC', 'Sala 3', 2),
(875, '2023-03-04', '18:00:00', 4.99, 'YC', 'Sala 3', 6),
(876, '2023-03-04', '21:00:00', 14.99, 'YC', 'Sala 3', 7),
(877, '2023-03-04', '00:00:00', 4.99, 'YC', 'Sala 4', 5),
(878, '2023-03-04', '15:00:00', 4.99, 'YC', 'Sala 4', 7);
INSERT INTO `emision` (`idEmision`, `FechaEmision`, `HoraEmision`, `precioInicial`, `idCine`, `nombreSala`, `codPelicula`) VALUES
(879, '2023-03-04', '18:00:00', 7.99, 'YC', 'Sala 4', 6),
(880, '2023-03-04', '21:00:00', 4.99, 'YC', 'Sala 4', 6),
(881, '2023-03-04', '00:00:00', 14.99, 'YC', 'Sala 5', 13),
(882, '2023-03-04', '15:00:00', 14.99, 'YC', 'Sala 5', 13),
(883, '2023-03-04', '18:00:00', 10.99, 'YC', 'Sala 5', 9),
(884, '2023-03-04', '21:00:00', 7.99, 'YC', 'Sala 5', 5),
(885, '2023-03-04', '00:00:00', 7.99, 'YC', 'Sala 6', 11),
(886, '2023-03-04', '15:00:00', 14.99, 'YC', 'Sala 6', 3),
(887, '2023-03-04', '18:00:00', 7.99, 'YC', 'Sala 6', 9),
(888, '2023-03-04', '21:00:00', 14.99, 'YC', 'Sala 6', 7),
(889, '2023-03-04', '00:00:00', 4.99, 'YC', 'Sala 7', 10),
(890, '2023-03-04', '15:00:00', 4.99, 'YC', 'Sala 7', 8),
(891, '2023-03-04', '18:00:00', 7.99, 'YC', 'Sala 7', 1),
(892, '2023-03-04', '21:00:00', 10.99, 'YC', 'Sala 7', 5),
(893, '2023-03-04', '00:00:00', 7.99, 'ZB', 'Sala 1', 7),
(894, '2023-03-04', '15:00:00', 10.99, 'ZB', 'Sala 1', 10),
(895, '2023-03-04', '18:00:00', 14.99, 'ZB', 'Sala 1', 10),
(896, '2023-03-04', '21:00:00', 14.99, 'ZB', 'Sala 1', 9),
(897, '2023-03-04', '00:00:00', 4.99, 'ZB', 'Sala 2', 6),
(898, '2023-03-04', '15:00:00', 7.99, 'ZB', 'Sala 2', 14),
(899, '2023-03-04', '18:00:00', 14.99, 'ZB', 'Sala 2', 11),
(900, '2023-03-04', '21:00:00', 4.99, 'ZB', 'Sala 2', 15),
(901, '2023-03-04', '00:00:00', 4.99, 'ZB', 'Sala 3', 4),
(902, '2023-03-04', '15:00:00', 14.99, 'ZB', 'Sala 3', 11),
(903, '2023-03-04', '18:00:00', 7.99, 'ZB', 'Sala 3', 8),
(904, '2023-03-04', '21:00:00', 4.99, 'ZB', 'Sala 3', 3),
(905, '2023-03-04', '00:00:00', 10.99, 'ZB', 'Sala 4', 9),
(906, '2023-03-04', '15:00:00', 10.99, 'ZB', 'Sala 4', 3),
(907, '2023-03-04', '18:00:00', 7.99, 'ZB', 'Sala 4', 4),
(908, '2023-03-04', '21:00:00', 7.99, 'ZB', 'Sala 4', 11),
(909, '2023-03-04', '00:00:00', 14.99, 'ZB', 'Sala 5', 15),
(910, '2023-03-04', '15:00:00', 7.99, 'ZB', 'Sala 5', 4),
(911, '2023-03-04', '18:00:00', 7.99, 'ZB', 'Sala 5', 15),
(912, '2023-03-04', '21:00:00', 10.99, 'ZB', 'Sala 5', 1),
(913, '2023-03-04', '00:00:00', 7.99, 'ZB', 'Sala 6', 10),
(914, '2023-03-04', '15:00:00', 14.99, 'ZB', 'Sala 6', 15),
(915, '2023-03-04', '18:00:00', 14.99, 'ZB', 'Sala 6', 13),
(916, '2023-03-04', '21:00:00', 7.99, 'ZB', 'Sala 6', 10),
(917, '2023-03-04', '00:00:00', 7.99, 'ZB', 'Sala 7', 9),
(918, '2023-03-04', '15:00:00', 10.99, 'ZB', 'Sala 7', 11),
(919, '2023-03-04', '18:00:00', 7.99, 'ZB', 'Sala 7', 3),
(920, '2023-03-04', '21:00:00', 4.99, 'ZB', 'Sala 7', 7),
(921, '2023-03-04', '00:00:00', 7.99, 'ZB', 'Sala 8', 12),
(922, '2023-03-04', '15:00:00', 7.99, 'ZB', 'Sala 8', 14),
(923, '2023-03-04', '18:00:00', 14.99, 'ZB', 'Sala 8', 1),
(924, '2023-03-04', '21:00:00', 14.99, 'ZB', 'Sala 8', 4),
(925, '2023-03-05', '00:00:00', 4.99, 'GC', 'Sala 1', 5),
(926, '2023-03-05', '15:00:00', 14.99, 'GC', 'Sala 1', 14),
(927, '2023-03-05', '18:00:00', 14.99, 'GC', 'Sala 1', 6),
(928, '2023-03-05', '21:00:00', 14.99, 'GC', 'Sala 1', 8),
(929, '2023-03-05', '00:00:00', 4.99, 'GC', 'Sala 2', 1),
(930, '2023-03-05', '15:00:00', 4.99, 'GC', 'Sala 2', 10),
(931, '2023-03-05', '18:00:00', 7.99, 'GC', 'Sala 2', 15),
(932, '2023-03-05', '21:00:00', 14.99, 'GC', 'Sala 2', 4),
(933, '2023-03-05', '00:00:00', 10.99, 'GC', 'Sala 3', 13),
(934, '2023-03-05', '15:00:00', 4.99, 'GC', 'Sala 3', 2),
(935, '2023-03-05', '18:00:00', 7.99, 'GC', 'Sala 3', 7),
(936, '2023-03-05', '21:00:00', 10.99, 'GC', 'Sala 3', 8),
(937, '2023-03-05', '00:00:00', 10.99, 'GC', 'Sala 4', 15),
(938, '2023-03-05', '15:00:00', 4.99, 'GC', 'Sala 4', 5),
(939, '2023-03-05', '18:00:00', 7.99, 'GC', 'Sala 4', 5),
(940, '2023-03-05', '21:00:00', 4.99, 'GC', 'Sala 4', 14),
(941, '2023-03-05', '00:00:00', 4.99, 'GC', 'Sala 5', 3),
(942, '2023-03-05', '15:00:00', 4.99, 'GC', 'Sala 5', 2),
(943, '2023-03-05', '18:00:00', 4.99, 'GC', 'Sala 5', 11),
(944, '2023-03-05', '21:00:00', 4.99, 'GC', 'Sala 5', 12),
(945, '2023-03-05', '00:00:00', 7.99, 'GC', 'Sala 6', 2),
(946, '2023-03-05', '15:00:00', 7.99, 'GC', 'Sala 6', 2),
(947, '2023-03-05', '18:00:00', 4.99, 'GC', 'Sala 6', 9),
(948, '2023-03-05', '21:00:00', 4.99, 'GC', 'Sala 6', 7),
(949, '2023-03-05', '00:00:00', 7.99, 'YC', 'Sala 1', 6),
(950, '2023-03-05', '15:00:00', 7.99, 'YC', 'Sala 1', 7),
(951, '2023-03-05', '18:00:00', 10.99, 'YC', 'Sala 1', 6),
(952, '2023-03-05', '21:00:00', 14.99, 'YC', 'Sala 1', 14),
(953, '2023-03-05', '00:00:00', 4.99, 'YC', 'Sala 2', 6),
(954, '2023-03-05', '15:00:00', 4.99, 'YC', 'Sala 2', 8),
(955, '2023-03-05', '18:00:00', 10.99, 'YC', 'Sala 2', 10),
(956, '2023-03-05', '21:00:00', 7.99, 'YC', 'Sala 2', 14),
(957, '2023-03-05', '00:00:00', 4.99, 'YC', 'Sala 3', 6),
(958, '2023-03-05', '15:00:00', 7.99, 'YC', 'Sala 3', 13),
(959, '2023-03-05', '18:00:00', 10.99, 'YC', 'Sala 3', 12),
(960, '2023-03-05', '21:00:00', 7.99, 'YC', 'Sala 3', 11),
(961, '2023-03-05', '00:00:00', 4.99, 'YC', 'Sala 4', 5),
(962, '2023-03-05', '15:00:00', 10.99, 'YC', 'Sala 4', 9),
(963, '2023-03-05', '18:00:00', 7.99, 'YC', 'Sala 4', 3),
(964, '2023-03-05', '21:00:00', 4.99, 'YC', 'Sala 4', 9),
(965, '2023-03-05', '00:00:00', 4.99, 'YC', 'Sala 5', 11),
(966, '2023-03-05', '15:00:00', 7.99, 'YC', 'Sala 5', 7),
(967, '2023-03-05', '18:00:00', 10.99, 'YC', 'Sala 5', 7),
(968, '2023-03-05', '21:00:00', 10.99, 'YC', 'Sala 5', 14),
(969, '2023-03-05', '00:00:00', 4.99, 'YC', 'Sala 6', 14),
(970, '2023-03-05', '15:00:00', 10.99, 'YC', 'Sala 6', 3),
(971, '2023-03-05', '18:00:00', 4.99, 'YC', 'Sala 6', 10),
(972, '2023-03-05', '21:00:00', 7.99, 'YC', 'Sala 6', 7),
(973, '2023-03-05', '00:00:00', 7.99, 'YC', 'Sala 7', 13),
(974, '2023-03-05', '15:00:00', 14.99, 'YC', 'Sala 7', 14),
(975, '2023-03-05', '18:00:00', 10.99, 'YC', 'Sala 7', 6),
(976, '2023-03-05', '21:00:00', 10.99, 'YC', 'Sala 7', 15),
(977, '2023-03-05', '00:00:00', 7.99, 'ZB', 'Sala 1', 9),
(978, '2023-03-05', '15:00:00', 14.99, 'ZB', 'Sala 1', 12),
(979, '2023-03-05', '18:00:00', 10.99, 'ZB', 'Sala 1', 1),
(980, '2023-03-05', '21:00:00', 4.99, 'ZB', 'Sala 1', 14),
(981, '2023-03-05', '00:00:00', 7.99, 'ZB', 'Sala 2', 12),
(982, '2023-03-05', '15:00:00', 7.99, 'ZB', 'Sala 2', 9),
(983, '2023-03-05', '18:00:00', 4.99, 'ZB', 'Sala 2', 14),
(984, '2023-03-05', '21:00:00', 10.99, 'ZB', 'Sala 2', 3),
(985, '2023-03-05', '00:00:00', 10.99, 'ZB', 'Sala 3', 8),
(986, '2023-03-05', '15:00:00', 7.99, 'ZB', 'Sala 3', 8),
(987, '2023-03-05', '18:00:00', 10.99, 'ZB', 'Sala 3', 14),
(988, '2023-03-05', '21:00:00', 14.99, 'ZB', 'Sala 3', 8),
(989, '2023-03-05', '00:00:00', 7.99, 'ZB', 'Sala 4', 7),
(990, '2023-03-05', '15:00:00', 10.99, 'ZB', 'Sala 4', 14),
(991, '2023-03-05', '18:00:00', 7.99, 'ZB', 'Sala 4', 15),
(992, '2023-03-05', '21:00:00', 14.99, 'ZB', 'Sala 4', 11),
(993, '2023-03-05', '00:00:00', 14.99, 'ZB', 'Sala 5', 6),
(994, '2023-03-05', '15:00:00', 7.99, 'ZB', 'Sala 5', 14),
(995, '2023-03-05', '18:00:00', 10.99, 'ZB', 'Sala 5', 4),
(996, '2023-03-05', '21:00:00', 7.99, 'ZB', 'Sala 5', 12),
(997, '2023-03-05', '00:00:00', 4.99, 'ZB', 'Sala 6', 10),
(998, '2023-03-05', '15:00:00', 10.99, 'ZB', 'Sala 6', 1),
(999, '2023-03-05', '18:00:00', 10.99, 'ZB', 'Sala 6', 7),
(1000, '2023-03-05', '21:00:00', 4.99, 'ZB', 'Sala 6', 9),
(1001, '2023-03-05', '00:00:00', 4.99, 'ZB', 'Sala 7', 7),
(1002, '2023-03-05', '15:00:00', 4.99, 'ZB', 'Sala 7', 6),
(1003, '2023-03-05', '18:00:00', 10.99, 'ZB', 'Sala 7', 1),
(1004, '2023-03-05', '21:00:00', 14.99, 'ZB', 'Sala 7', 13),
(1005, '2023-03-05', '00:00:00', 10.99, 'ZB', 'Sala 8', 7),
(1006, '2023-03-05', '15:00:00', 14.99, 'ZB', 'Sala 8', 4),
(1007, '2023-03-05', '18:00:00', 7.99, 'ZB', 'Sala 8', 1),
(1008, '2023-03-05', '21:00:00', 7.99, 'ZB', 'Sala 8', 14),
(1009, '2023-03-06', '00:00:00', 7.99, 'GC', 'Sala 1', 11),
(1010, '2023-03-06', '15:00:00', 14.99, 'GC', 'Sala 1', 13),
(1011, '2023-03-06', '18:00:00', 10.99, 'GC', 'Sala 1', 15),
(1012, '2023-03-06', '21:00:00', 10.99, 'GC', 'Sala 1', 7),
(1013, '2023-03-06', '00:00:00', 4.99, 'GC', 'Sala 2', 2),
(1014, '2023-03-06', '15:00:00', 4.99, 'GC', 'Sala 2', 14),
(1015, '2023-03-06', '18:00:00', 10.99, 'GC', 'Sala 2', 11),
(1016, '2023-03-06', '21:00:00', 10.99, 'GC', 'Sala 2', 11),
(1017, '2023-03-06', '00:00:00', 14.99, 'GC', 'Sala 3', 10),
(1018, '2023-03-06', '15:00:00', 10.99, 'GC', 'Sala 3', 2),
(1019, '2023-03-06', '18:00:00', 14.99, 'GC', 'Sala 3', 8),
(1020, '2023-03-06', '21:00:00', 10.99, 'GC', 'Sala 3', 3),
(1021, '2023-03-06', '00:00:00', 4.99, 'GC', 'Sala 4', 3),
(1022, '2023-03-06', '15:00:00', 10.99, 'GC', 'Sala 4', 4),
(1023, '2023-03-06', '18:00:00', 7.99, 'GC', 'Sala 4', 4),
(1024, '2023-03-06', '21:00:00', 10.99, 'GC', 'Sala 4', 7),
(1025, '2023-03-06', '00:00:00', 14.99, 'GC', 'Sala 5', 1),
(1026, '2023-03-06', '15:00:00', 7.99, 'GC', 'Sala 5', 4),
(1027, '2023-03-06', '18:00:00', 10.99, 'GC', 'Sala 5', 12),
(1028, '2023-03-06', '21:00:00', 10.99, 'GC', 'Sala 5', 14),
(1029, '2023-03-06', '00:00:00', 7.99, 'GC', 'Sala 6', 14),
(1030, '2023-03-06', '15:00:00', 4.99, 'GC', 'Sala 6', 9),
(1031, '2023-03-06', '18:00:00', 14.99, 'GC', 'Sala 6', 11),
(1032, '2023-03-06', '21:00:00', 10.99, 'GC', 'Sala 6', 2),
(1033, '2023-03-06', '00:00:00', 14.99, 'YC', 'Sala 1', 6),
(1034, '2023-03-06', '15:00:00', 7.99, 'YC', 'Sala 1', 8),
(1035, '2023-03-06', '18:00:00', 4.99, 'YC', 'Sala 1', 8),
(1036, '2023-03-06', '21:00:00', 4.99, 'YC', 'Sala 1', 14),
(1037, '2023-03-06', '00:00:00', 4.99, 'YC', 'Sala 2', 10),
(1038, '2023-03-06', '15:00:00', 10.99, 'YC', 'Sala 2', 1),
(1039, '2023-03-06', '18:00:00', 14.99, 'YC', 'Sala 2', 10),
(1040, '2023-03-06', '21:00:00', 4.99, 'YC', 'Sala 2', 13),
(1041, '2023-03-06', '00:00:00', 7.99, 'YC', 'Sala 3', 7),
(1042, '2023-03-06', '15:00:00', 14.99, 'YC', 'Sala 3', 8),
(1043, '2023-03-06', '18:00:00', 10.99, 'YC', 'Sala 3', 11),
(1044, '2023-03-06', '21:00:00', 7.99, 'YC', 'Sala 3', 1),
(1045, '2023-03-06', '00:00:00', 14.99, 'YC', 'Sala 4', 12),
(1046, '2023-03-06', '15:00:00', 7.99, 'YC', 'Sala 4', 8),
(1047, '2023-03-06', '18:00:00', 14.99, 'YC', 'Sala 4', 14),
(1048, '2023-03-06', '21:00:00', 10.99, 'YC', 'Sala 4', 3),
(1049, '2023-03-06', '00:00:00', 4.99, 'YC', 'Sala 5', 15),
(1050, '2023-03-06', '15:00:00', 10.99, 'YC', 'Sala 5', 2),
(1051, '2023-03-06', '18:00:00', 7.99, 'YC', 'Sala 5', 8),
(1052, '2023-03-06', '21:00:00', 10.99, 'YC', 'Sala 5', 8),
(1053, '2023-03-06', '00:00:00', 14.99, 'YC', 'Sala 6', 11),
(1054, '2023-03-06', '15:00:00', 7.99, 'YC', 'Sala 6', 3),
(1055, '2023-03-06', '18:00:00', 7.99, 'YC', 'Sala 6', 1),
(1056, '2023-03-06', '21:00:00', 14.99, 'YC', 'Sala 6', 15),
(1057, '2023-03-06', '00:00:00', 10.99, 'YC', 'Sala 7', 3),
(1058, '2023-03-06', '15:00:00', 10.99, 'YC', 'Sala 7', 5),
(1059, '2023-03-06', '18:00:00', 14.99, 'YC', 'Sala 7', 14),
(1060, '2023-03-06', '21:00:00', 4.99, 'YC', 'Sala 7', 4),
(1061, '2023-03-06', '00:00:00', 4.99, 'ZB', 'Sala 1', 4),
(1062, '2023-03-06', '15:00:00', 10.99, 'ZB', 'Sala 1', 1),
(1063, '2023-03-06', '18:00:00', 10.99, 'ZB', 'Sala 1', 13),
(1064, '2023-03-06', '21:00:00', 14.99, 'ZB', 'Sala 1', 11),
(1065, '2023-03-06', '00:00:00', 7.99, 'ZB', 'Sala 2', 2),
(1066, '2023-03-06', '15:00:00', 4.99, 'ZB', 'Sala 2', 10),
(1067, '2023-03-06', '18:00:00', 10.99, 'ZB', 'Sala 2', 2),
(1068, '2023-03-06', '21:00:00', 10.99, 'ZB', 'Sala 2', 2),
(1069, '2023-03-06', '00:00:00', 4.99, 'ZB', 'Sala 3', 10),
(1070, '2023-03-06', '15:00:00', 10.99, 'ZB', 'Sala 3', 9),
(1071, '2023-03-06', '18:00:00', 14.99, 'ZB', 'Sala 3', 13),
(1072, '2023-03-06', '21:00:00', 14.99, 'ZB', 'Sala 3', 7),
(1073, '2023-03-06', '00:00:00', 10.99, 'ZB', 'Sala 4', 6),
(1074, '2023-03-06', '15:00:00', 7.99, 'ZB', 'Sala 4', 15),
(1075, '2023-03-06', '18:00:00', 4.99, 'ZB', 'Sala 4', 7),
(1076, '2023-03-06', '21:00:00', 10.99, 'ZB', 'Sala 4', 8),
(1077, '2023-03-06', '00:00:00', 14.99, 'ZB', 'Sala 5', 4),
(1078, '2023-03-06', '15:00:00', 10.99, 'ZB', 'Sala 5', 10),
(1079, '2023-03-06', '18:00:00', 4.99, 'ZB', 'Sala 5', 3),
(1080, '2023-03-06', '21:00:00', 14.99, 'ZB', 'Sala 5', 12),
(1081, '2023-03-06', '00:00:00', 4.99, 'ZB', 'Sala 6', 12),
(1082, '2023-03-06', '15:00:00', 7.99, 'ZB', 'Sala 6', 12),
(1083, '2023-03-06', '18:00:00', 14.99, 'ZB', 'Sala 6', 8),
(1084, '2023-03-06', '21:00:00', 10.99, 'ZB', 'Sala 6', 3),
(1085, '2023-03-06', '00:00:00', 4.99, 'ZB', 'Sala 7', 5),
(1086, '2023-03-06', '15:00:00', 10.99, 'ZB', 'Sala 7', 3),
(1087, '2023-03-06', '18:00:00', 4.99, 'ZB', 'Sala 7', 11),
(1088, '2023-03-06', '21:00:00', 4.99, 'ZB', 'Sala 7', 7),
(1089, '2023-03-06', '00:00:00', 10.99, 'ZB', 'Sala 8', 2),
(1090, '2023-03-06', '15:00:00', 10.99, 'ZB', 'Sala 8', 11),
(1091, '2023-03-06', '18:00:00', 10.99, 'ZB', 'Sala 8', 1),
(1092, '2023-03-06', '21:00:00', 14.99, 'ZB', 'Sala 8', 15),
(1093, '2023-03-07', '00:00:00', 14.99, 'GC', 'Sala 1', 3),
(1094, '2023-03-07', '15:00:00', 10.99, 'GC', 'Sala 1', 5),
(1095, '2023-03-07', '18:00:00', 4.99, 'GC', 'Sala 1', 4),
(1096, '2023-03-07', '21:00:00', 4.99, 'GC', 'Sala 1', 8),
(1097, '2023-03-07', '00:00:00', 4.99, 'GC', 'Sala 2', 8),
(1098, '2023-03-07', '15:00:00', 7.99, 'GC', 'Sala 2', 3),
(1099, '2023-03-07', '18:00:00', 14.99, 'GC', 'Sala 2', 14),
(1100, '2023-03-07', '21:00:00', 7.99, 'GC', 'Sala 2', 10),
(1101, '2023-03-07', '00:00:00', 14.99, 'GC', 'Sala 3', 3),
(1102, '2023-03-07', '15:00:00', 7.99, 'GC', 'Sala 3', 15),
(1103, '2023-03-07', '18:00:00', 7.99, 'GC', 'Sala 3', 1),
(1104, '2023-03-07', '21:00:00', 10.99, 'GC', 'Sala 3', 13),
(1105, '2023-03-07', '00:00:00', 4.99, 'GC', 'Sala 4', 4),
(1106, '2023-03-07', '15:00:00', 10.99, 'GC', 'Sala 4', 4),
(1107, '2023-03-07', '18:00:00', 14.99, 'GC', 'Sala 4', 10),
(1108, '2023-03-07', '21:00:00', 4.99, 'GC', 'Sala 4', 11),
(1109, '2023-03-07', '00:00:00', 7.99, 'GC', 'Sala 5', 7),
(1110, '2023-03-07', '15:00:00', 10.99, 'GC', 'Sala 5', 7),
(1111, '2023-03-07', '18:00:00', 4.99, 'GC', 'Sala 5', 1),
(1112, '2023-03-07', '21:00:00', 14.99, 'GC', 'Sala 5', 7),
(1113, '2023-03-07', '00:00:00', 14.99, 'GC', 'Sala 6', 8),
(1114, '2023-03-07', '15:00:00', 4.99, 'GC', 'Sala 6', 12),
(1115, '2023-03-07', '18:00:00', 14.99, 'GC', 'Sala 6', 12),
(1116, '2023-03-07', '21:00:00', 10.99, 'GC', 'Sala 6', 2),
(1117, '2023-03-07', '00:00:00', 7.99, 'YC', 'Sala 1', 10),
(1118, '2023-03-07', '15:00:00', 7.99, 'YC', 'Sala 1', 7),
(1119, '2023-03-07', '18:00:00', 14.99, 'YC', 'Sala 1', 4),
(1120, '2023-03-07', '21:00:00', 7.99, 'YC', 'Sala 1', 10),
(1121, '2023-03-07', '00:00:00', 14.99, 'YC', 'Sala 2', 9),
(1122, '2023-03-07', '15:00:00', 10.99, 'YC', 'Sala 2', 12),
(1123, '2023-03-07', '18:00:00', 10.99, 'YC', 'Sala 2', 12),
(1124, '2023-03-07', '21:00:00', 14.99, 'YC', 'Sala 2', 3),
(1125, '2023-03-07', '00:00:00', 10.99, 'YC', 'Sala 3', 9),
(1126, '2023-03-07', '15:00:00', 14.99, 'YC', 'Sala 3', 5),
(1127, '2023-03-07', '18:00:00', 4.99, 'YC', 'Sala 3', 4),
(1128, '2023-03-07', '21:00:00', 4.99, 'YC', 'Sala 3', 13),
(1129, '2023-03-07', '00:00:00', 4.99, 'YC', 'Sala 4', 7),
(1130, '2023-03-07', '15:00:00', 4.99, 'YC', 'Sala 4', 14),
(1131, '2023-03-07', '18:00:00', 4.99, 'YC', 'Sala 4', 9),
(1132, '2023-03-07', '21:00:00', 10.99, 'YC', 'Sala 4', 5),
(1133, '2023-03-07', '00:00:00', 7.99, 'YC', 'Sala 5', 15),
(1134, '2023-03-07', '15:00:00', 4.99, 'YC', 'Sala 5', 2),
(1135, '2023-03-07', '18:00:00', 14.99, 'YC', 'Sala 5', 10),
(1136, '2023-03-07', '21:00:00', 4.99, 'YC', 'Sala 5', 6),
(1137, '2023-03-07', '00:00:00', 7.99, 'YC', 'Sala 6', 13),
(1138, '2023-03-07', '15:00:00', 14.99, 'YC', 'Sala 6', 15),
(1139, '2023-03-07', '18:00:00', 4.99, 'YC', 'Sala 6', 5),
(1140, '2023-03-07', '21:00:00', 10.99, 'YC', 'Sala 6', 13),
(1141, '2023-03-07', '00:00:00', 14.99, 'YC', 'Sala 7', 5),
(1142, '2023-03-07', '15:00:00', 14.99, 'YC', 'Sala 7', 13),
(1143, '2023-03-07', '18:00:00', 7.99, 'YC', 'Sala 7', 5),
(1144, '2023-03-07', '21:00:00', 10.99, 'YC', 'Sala 7', 8),
(1145, '2023-03-07', '00:00:00', 7.99, 'ZB', 'Sala 1', 4),
(1146, '2023-03-07', '15:00:00', 10.99, 'ZB', 'Sala 1', 10),
(1147, '2023-03-07', '18:00:00', 7.99, 'ZB', 'Sala 1', 9),
(1148, '2023-03-07', '21:00:00', 4.99, 'ZB', 'Sala 1', 14),
(1149, '2023-03-07', '00:00:00', 4.99, 'ZB', 'Sala 2', 13),
(1150, '2023-03-07', '15:00:00', 14.99, 'ZB', 'Sala 2', 1),
(1151, '2023-03-07', '18:00:00', 4.99, 'ZB', 'Sala 2', 2),
(1152, '2023-03-07', '21:00:00', 7.99, 'ZB', 'Sala 2', 15),
(1153, '2023-03-07', '00:00:00', 10.99, 'ZB', 'Sala 3', 5),
(1154, '2023-03-07', '15:00:00', 4.99, 'ZB', 'Sala 3', 7),
(1155, '2023-03-07', '18:00:00', 4.99, 'ZB', 'Sala 3', 7),
(1156, '2023-03-07', '21:00:00', 14.99, 'ZB', 'Sala 3', 3),
(1157, '2023-03-07', '00:00:00', 10.99, 'ZB', 'Sala 4', 8),
(1158, '2023-03-07', '15:00:00', 7.99, 'ZB', 'Sala 4', 7),
(1159, '2023-03-07', '18:00:00', 10.99, 'ZB', 'Sala 4', 8),
(1160, '2023-03-07', '21:00:00', 7.99, 'ZB', 'Sala 4', 9),
(1161, '2023-03-07', '00:00:00', 7.99, 'ZB', 'Sala 5', 1),
(1162, '2023-03-07', '15:00:00', 7.99, 'ZB', 'Sala 5', 5),
(1163, '2023-03-07', '18:00:00', 10.99, 'ZB', 'Sala 5', 2),
(1164, '2023-03-07', '21:00:00', 7.99, 'ZB', 'Sala 5', 12),
(1165, '2023-03-07', '00:00:00', 10.99, 'ZB', 'Sala 6', 14),
(1166, '2023-03-07', '15:00:00', 4.99, 'ZB', 'Sala 6', 6),
(1167, '2023-03-07', '18:00:00', 10.99, 'ZB', 'Sala 6', 8),
(1168, '2023-03-07', '21:00:00', 14.99, 'ZB', 'Sala 6', 1),
(1169, '2023-03-07', '00:00:00', 7.99, 'ZB', 'Sala 7', 9),
(1170, '2023-03-07', '15:00:00', 7.99, 'ZB', 'Sala 7', 4),
(1171, '2023-03-07', '18:00:00', 7.99, 'ZB', 'Sala 7', 1),
(1172, '2023-03-07', '21:00:00', 4.99, 'ZB', 'Sala 7', 13),
(1173, '2023-03-07', '00:00:00', 14.99, 'ZB', 'Sala 8', 9),
(1174, '2023-03-07', '15:00:00', 4.99, 'ZB', 'Sala 8', 2),
(1175, '2023-03-07', '18:00:00', 4.99, 'ZB', 'Sala 8', 2),
(1176, '2023-03-07', '21:00:00', 4.99, 'ZB', 'Sala 8', 3),
(1177, '2023-03-08', '00:00:00', 7.99, 'GC', 'Sala 1', 13),
(1178, '2023-03-08', '15:00:00', 14.99, 'GC', 'Sala 1', 14),
(1179, '2023-03-08', '18:00:00', 7.99, 'GC', 'Sala 1', 10),
(1180, '2023-03-08', '21:00:00', 4.99, 'GC', 'Sala 1', 13),
(1181, '2023-03-08', '00:00:00', 7.99, 'GC', 'Sala 2', 15),
(1182, '2023-03-08', '15:00:00', 14.99, 'GC', 'Sala 2', 4),
(1183, '2023-03-08', '18:00:00', 4.99, 'GC', 'Sala 2', 2),
(1184, '2023-03-08', '21:00:00', 14.99, 'GC', 'Sala 2', 2),
(1185, '2023-03-08', '00:00:00', 4.99, 'GC', 'Sala 3', 4),
(1186, '2023-03-08', '15:00:00', 7.99, 'GC', 'Sala 3', 13),
(1187, '2023-03-08', '18:00:00', 7.99, 'GC', 'Sala 3', 2),
(1188, '2023-03-08', '21:00:00', 10.99, 'GC', 'Sala 3', 13),
(1189, '2023-03-08', '00:00:00', 4.99, 'GC', 'Sala 4', 14),
(1190, '2023-03-08', '15:00:00', 10.99, 'GC', 'Sala 4', 5),
(1191, '2023-03-08', '18:00:00', 14.99, 'GC', 'Sala 4', 3),
(1192, '2023-03-08', '21:00:00', 4.99, 'GC', 'Sala 4', 4),
(1193, '2023-03-08', '00:00:00', 10.99, 'GC', 'Sala 5', 12),
(1194, '2023-03-08', '15:00:00', 14.99, 'GC', 'Sala 5', 10),
(1195, '2023-03-08', '18:00:00', 7.99, 'GC', 'Sala 5', 14),
(1196, '2023-03-08', '21:00:00', 4.99, 'GC', 'Sala 5', 14),
(1197, '2023-03-08', '00:00:00', 10.99, 'GC', 'Sala 6', 10),
(1198, '2023-03-08', '15:00:00', 10.99, 'GC', 'Sala 6', 10),
(1199, '2023-03-08', '18:00:00', 7.99, 'GC', 'Sala 6', 2),
(1200, '2023-03-08', '21:00:00', 7.99, 'GC', 'Sala 6', 14),
(1201, '2023-03-08', '00:00:00', 7.99, 'YC', 'Sala 1', 9),
(1202, '2023-03-08', '15:00:00', 4.99, 'YC', 'Sala 1', 4),
(1203, '2023-03-08', '18:00:00', 7.99, 'YC', 'Sala 1', 9),
(1204, '2023-03-08', '21:00:00', 7.99, 'YC', 'Sala 1', 7),
(1205, '2023-03-08', '00:00:00', 14.99, 'YC', 'Sala 2', 8),
(1206, '2023-03-08', '15:00:00', 4.99, 'YC', 'Sala 2', 15),
(1207, '2023-03-08', '18:00:00', 14.99, 'YC', 'Sala 2', 3),
(1208, '2023-03-08', '21:00:00', 14.99, 'YC', 'Sala 2', 12),
(1209, '2023-03-08', '00:00:00', 14.99, 'YC', 'Sala 3', 5),
(1210, '2023-03-08', '15:00:00', 7.99, 'YC', 'Sala 3', 10),
(1211, '2023-03-08', '18:00:00', 10.99, 'YC', 'Sala 3', 4),
(1212, '2023-03-08', '21:00:00', 4.99, 'YC', 'Sala 3', 7),
(1213, '2023-03-08', '00:00:00', 7.99, 'YC', 'Sala 4', 4),
(1214, '2023-03-08', '15:00:00', 7.99, 'YC', 'Sala 4', 12),
(1215, '2023-03-08', '18:00:00', 14.99, 'YC', 'Sala 4', 13),
(1216, '2023-03-08', '21:00:00', 4.99, 'YC', 'Sala 4', 13),
(1217, '2023-03-08', '00:00:00', 4.99, 'YC', 'Sala 5', 10),
(1218, '2023-03-08', '15:00:00', 10.99, 'YC', 'Sala 5', 3),
(1219, '2023-03-08', '18:00:00', 14.99, 'YC', 'Sala 5', 4),
(1220, '2023-03-08', '21:00:00', 14.99, 'YC', 'Sala 5', 15),
(1221, '2023-03-08', '00:00:00', 7.99, 'YC', 'Sala 6', 8),
(1222, '2023-03-08', '15:00:00', 4.99, 'YC', 'Sala 6', 15),
(1223, '2023-03-08', '18:00:00', 4.99, 'YC', 'Sala 6', 4),
(1224, '2023-03-08', '21:00:00', 7.99, 'YC', 'Sala 6', 8),
(1225, '2023-03-08', '00:00:00', 4.99, 'YC', 'Sala 7', 1),
(1226, '2023-03-08', '15:00:00', 4.99, 'YC', 'Sala 7', 11),
(1227, '2023-03-08', '18:00:00', 4.99, 'YC', 'Sala 7', 4),
(1228, '2023-03-08', '21:00:00', 10.99, 'YC', 'Sala 7', 6),
(1229, '2023-03-08', '00:00:00', 7.99, 'ZB', 'Sala 1', 5),
(1230, '2023-03-08', '15:00:00', 4.99, 'ZB', 'Sala 1', 11),
(1231, '2023-03-08', '18:00:00', 10.99, 'ZB', 'Sala 1', 11),
(1232, '2023-03-08', '21:00:00', 10.99, 'ZB', 'Sala 1', 5),
(1233, '2023-03-08', '00:00:00', 14.99, 'ZB', 'Sala 2', 3),
(1234, '2023-03-08', '15:00:00', 10.99, 'ZB', 'Sala 2', 15),
(1235, '2023-03-08', '18:00:00', 14.99, 'ZB', 'Sala 2', 15),
(1236, '2023-03-08', '21:00:00', 10.99, 'ZB', 'Sala 2', 13),
(1237, '2023-03-08', '00:00:00', 4.99, 'ZB', 'Sala 3', 14),
(1238, '2023-03-08', '15:00:00', 10.99, 'ZB', 'Sala 3', 15),
(1239, '2023-03-08', '18:00:00', 10.99, 'ZB', 'Sala 3', 6),
(1240, '2023-03-08', '21:00:00', 14.99, 'ZB', 'Sala 3', 4),
(1241, '2023-03-08', '00:00:00', 10.99, 'ZB', 'Sala 4', 3),
(1242, '2023-03-08', '15:00:00', 4.99, 'ZB', 'Sala 4', 4),
(1243, '2023-03-08', '18:00:00', 7.99, 'ZB', 'Sala 4', 9),
(1244, '2023-03-08', '21:00:00', 14.99, 'ZB', 'Sala 4', 9),
(1245, '2023-03-08', '00:00:00', 14.99, 'ZB', 'Sala 5', 6),
(1246, '2023-03-08', '15:00:00', 14.99, 'ZB', 'Sala 5', 1),
(1247, '2023-03-08', '18:00:00', 10.99, 'ZB', 'Sala 5', 15),
(1248, '2023-03-08', '21:00:00', 4.99, 'ZB', 'Sala 5', 13),
(1249, '2023-03-08', '00:00:00', 10.99, 'ZB', 'Sala 6', 8),
(1250, '2023-03-08', '15:00:00', 7.99, 'ZB', 'Sala 6', 6),
(1251, '2023-03-08', '18:00:00', 14.99, 'ZB', 'Sala 6', 9),
(1252, '2023-03-08', '21:00:00', 4.99, 'ZB', 'Sala 6', 4),
(1253, '2023-03-08', '00:00:00', 7.99, 'ZB', 'Sala 7', 8),
(1254, '2023-03-08', '15:00:00', 7.99, 'ZB', 'Sala 7', 4),
(1255, '2023-03-08', '18:00:00', 4.99, 'ZB', 'Sala 7', 15),
(1256, '2023-03-08', '21:00:00', 7.99, 'ZB', 'Sala 7', 4),
(1257, '2023-03-08', '00:00:00', 10.99, 'ZB', 'Sala 8', 3),
(1258, '2023-03-08', '15:00:00', 7.99, 'ZB', 'Sala 8', 11),
(1259, '2023-03-08', '18:00:00', 14.99, 'ZB', 'Sala 8', 4),
(1260, '2023-03-08', '21:00:00', 10.99, 'ZB', 'Sala 8', 4),
(1261, '2023-03-09', '00:00:00', 7.99, 'GC', 'Sala 1', 5),
(1262, '2023-03-09', '15:00:00', 10.99, 'GC', 'Sala 1', 4),
(1263, '2023-03-09', '18:00:00', 14.99, 'GC', 'Sala 1', 15),
(1264, '2023-03-09', '21:00:00', 10.99, 'GC', 'Sala 1', 14),
(1265, '2023-03-09', '00:00:00', 7.99, 'GC', 'Sala 2', 15),
(1266, '2023-03-09', '15:00:00', 14.99, 'GC', 'Sala 2', 7),
(1267, '2023-03-09', '18:00:00', 7.99, 'GC', 'Sala 2', 14),
(1268, '2023-03-09', '21:00:00', 10.99, 'GC', 'Sala 2', 7),
(1269, '2023-03-09', '00:00:00', 4.99, 'GC', 'Sala 3', 7),
(1270, '2023-03-09', '15:00:00', 10.99, 'GC', 'Sala 3', 11),
(1271, '2023-03-09', '18:00:00', 7.99, 'GC', 'Sala 3', 12),
(1272, '2023-03-09', '21:00:00', 10.99, 'GC', 'Sala 3', 15),
(1273, '2023-03-09', '00:00:00', 14.99, 'GC', 'Sala 4', 8),
(1274, '2023-03-09', '15:00:00', 7.99, 'GC', 'Sala 4', 6),
(1275, '2023-03-09', '18:00:00', 14.99, 'GC', 'Sala 4', 14),
(1276, '2023-03-09', '21:00:00', 7.99, 'GC', 'Sala 4', 13),
(1277, '2023-03-09', '00:00:00', 4.99, 'GC', 'Sala 5', 11),
(1278, '2023-03-09', '15:00:00', 14.99, 'GC', 'Sala 5', 8),
(1279, '2023-03-09', '18:00:00', 4.99, 'GC', 'Sala 5', 8),
(1280, '2023-03-09', '21:00:00', 4.99, 'GC', 'Sala 5', 7),
(1281, '2023-03-09', '00:00:00', 4.99, 'GC', 'Sala 6', 1),
(1282, '2023-03-09', '15:00:00', 14.99, 'GC', 'Sala 6', 3),
(1283, '2023-03-09', '18:00:00', 10.99, 'GC', 'Sala 6', 10),
(1284, '2023-03-09', '21:00:00', 4.99, 'GC', 'Sala 6', 14),
(1285, '2023-03-09', '00:00:00', 7.99, 'YC', 'Sala 1', 7),
(1286, '2023-03-09', '15:00:00', 14.99, 'YC', 'Sala 1', 10),
(1287, '2023-03-09', '18:00:00', 4.99, 'YC', 'Sala 1', 14),
(1288, '2023-03-09', '21:00:00', 7.99, 'YC', 'Sala 1', 2),
(1289, '2023-03-09', '00:00:00', 4.99, 'YC', 'Sala 2', 14),
(1290, '2023-03-09', '15:00:00', 14.99, 'YC', 'Sala 2', 10),
(1291, '2023-03-09', '18:00:00', 7.99, 'YC', 'Sala 2', 8),
(1292, '2023-03-09', '21:00:00', 10.99, 'YC', 'Sala 2', 1),
(1293, '2023-03-09', '00:00:00', 7.99, 'YC', 'Sala 3', 7),
(1294, '2023-03-09', '15:00:00', 14.99, 'YC', 'Sala 3', 12),
(1295, '2023-03-09', '18:00:00', 14.99, 'YC', 'Sala 3', 12),
(1296, '2023-03-09', '21:00:00', 7.99, 'YC', 'Sala 3', 7),
(1297, '2023-03-09', '00:00:00', 7.99, 'YC', 'Sala 4', 5),
(1298, '2023-03-09', '15:00:00', 10.99, 'YC', 'Sala 4', 15),
(1299, '2023-03-09', '18:00:00', 4.99, 'YC', 'Sala 4', 14),
(1300, '2023-03-09', '21:00:00', 10.99, 'YC', 'Sala 4', 9),
(1301, '2023-03-09', '00:00:00', 4.99, 'YC', 'Sala 5', 1),
(1302, '2023-03-09', '15:00:00', 10.99, 'YC', 'Sala 5', 3),
(1303, '2023-03-09', '18:00:00', 10.99, 'YC', 'Sala 5', 1),
(1304, '2023-03-09', '21:00:00', 14.99, 'YC', 'Sala 5', 11),
(1305, '2023-03-09', '00:00:00', 10.99, 'YC', 'Sala 6', 7),
(1306, '2023-03-09', '15:00:00', 4.99, 'YC', 'Sala 6', 10),
(1307, '2023-03-09', '18:00:00', 7.99, 'YC', 'Sala 6', 3),
(1308, '2023-03-09', '21:00:00', 7.99, 'YC', 'Sala 6', 13),
(1309, '2023-03-09', '00:00:00', 14.99, 'YC', 'Sala 7', 10),
(1310, '2023-03-09', '15:00:00', 10.99, 'YC', 'Sala 7', 1),
(1311, '2023-03-09', '18:00:00', 10.99, 'YC', 'Sala 7', 1),
(1312, '2023-03-09', '21:00:00', 7.99, 'YC', 'Sala 7', 8),
(1313, '2023-03-09', '00:00:00', 4.99, 'ZB', 'Sala 1', 7),
(1314, '2023-03-09', '15:00:00', 14.99, 'ZB', 'Sala 1', 9),
(1315, '2023-03-09', '18:00:00', 14.99, 'ZB', 'Sala 1', 3),
(1316, '2023-03-09', '21:00:00', 10.99, 'ZB', 'Sala 1', 13),
(1317, '2023-03-09', '00:00:00', 10.99, 'ZB', 'Sala 2', 14),
(1318, '2023-03-09', '15:00:00', 10.99, 'ZB', 'Sala 2', 5),
(1319, '2023-03-09', '18:00:00', 14.99, 'ZB', 'Sala 2', 4),
(1320, '2023-03-09', '21:00:00', 14.99, 'ZB', 'Sala 2', 8),
(1321, '2023-03-09', '00:00:00', 10.99, 'ZB', 'Sala 3', 7),
(1322, '2023-03-09', '15:00:00', 4.99, 'ZB', 'Sala 3', 8),
(1323, '2023-03-09', '18:00:00', 4.99, 'ZB', 'Sala 3', 3),
(1324, '2023-03-09', '21:00:00', 14.99, 'ZB', 'Sala 3', 5),
(1325, '2023-03-09', '00:00:00', 14.99, 'ZB', 'Sala 4', 15),
(1326, '2023-03-09', '15:00:00', 7.99, 'ZB', 'Sala 4', 1),
(1327, '2023-03-09', '18:00:00', 10.99, 'ZB', 'Sala 4', 1),
(1328, '2023-03-09', '21:00:00', 10.99, 'ZB', 'Sala 4', 6),
(1329, '2023-03-09', '00:00:00', 7.99, 'ZB', 'Sala 5', 6),
(1330, '2023-03-09', '15:00:00', 14.99, 'ZB', 'Sala 5', 3),
(1331, '2023-03-09', '18:00:00', 4.99, 'ZB', 'Sala 5', 11),
(1332, '2023-03-09', '21:00:00', 4.99, 'ZB', 'Sala 5', 9),
(1333, '2023-03-09', '00:00:00', 4.99, 'ZB', 'Sala 6', 1),
(1334, '2023-03-09', '15:00:00', 10.99, 'ZB', 'Sala 6', 14),
(1335, '2023-03-09', '18:00:00', 10.99, 'ZB', 'Sala 6', 9),
(1336, '2023-03-09', '21:00:00', 7.99, 'ZB', 'Sala 6', 1),
(1337, '2023-03-09', '00:00:00', 10.99, 'ZB', 'Sala 7', 3),
(1338, '2023-03-09', '15:00:00', 4.99, 'ZB', 'Sala 7', 6),
(1339, '2023-03-09', '18:00:00', 4.99, 'ZB', 'Sala 7', 12),
(1340, '2023-03-09', '21:00:00', 7.99, 'ZB', 'Sala 7', 6),
(1341, '2023-03-09', '00:00:00', 4.99, 'ZB', 'Sala 8', 14),
(1342, '2023-03-09', '15:00:00', 14.99, 'ZB', 'Sala 8', 13),
(1343, '2023-03-09', '18:00:00', 7.99, 'ZB', 'Sala 8', 2),
(1344, '2023-03-09', '21:00:00', 7.99, 'ZB', 'Sala 8', 14),
(1345, '2023-03-10', '00:00:00', 4.99, 'GC', 'Sala 1', 10),
(1346, '2023-03-10', '15:00:00', 14.99, 'GC', 'Sala 1', 12),
(1347, '2023-03-10', '18:00:00', 4.99, 'GC', 'Sala 1', 14),
(1348, '2023-03-10', '21:00:00', 7.99, 'GC', 'Sala 1', 14),
(1349, '2023-03-10', '00:00:00', 10.99, 'GC', 'Sala 2', 7),
(1350, '2023-03-10', '15:00:00', 14.99, 'GC', 'Sala 2', 8),
(1351, '2023-03-10', '18:00:00', 7.99, 'GC', 'Sala 2', 4),
(1352, '2023-03-10', '21:00:00', 10.99, 'GC', 'Sala 2', 2),
(1353, '2023-03-10', '00:00:00', 7.99, 'GC', 'Sala 3', 1),
(1354, '2023-03-10', '15:00:00', 10.99, 'GC', 'Sala 3', 15),
(1355, '2023-03-10', '18:00:00', 14.99, 'GC', 'Sala 3', 4),
(1356, '2023-03-10', '21:00:00', 7.99, 'GC', 'Sala 3', 9),
(1357, '2023-03-10', '00:00:00', 7.99, 'GC', 'Sala 4', 5),
(1358, '2023-03-10', '15:00:00', 14.99, 'GC', 'Sala 4', 2),
(1359, '2023-03-10', '18:00:00', 7.99, 'GC', 'Sala 4', 7),
(1360, '2023-03-10', '21:00:00', 10.99, 'GC', 'Sala 4', 15),
(1361, '2023-03-10', '00:00:00', 14.99, 'GC', 'Sala 5', 8),
(1362, '2023-03-10', '15:00:00', 7.99, 'GC', 'Sala 5', 13),
(1363, '2023-03-10', '18:00:00', 7.99, 'GC', 'Sala 5', 6),
(1364, '2023-03-10', '21:00:00', 7.99, 'GC', 'Sala 5', 4),
(1365, '2023-03-10', '00:00:00', 14.99, 'GC', 'Sala 6', 9),
(1366, '2023-03-10', '15:00:00', 4.99, 'GC', 'Sala 6', 9),
(1367, '2023-03-10', '18:00:00', 4.99, 'GC', 'Sala 6', 14),
(1368, '2023-03-10', '21:00:00', 10.99, 'GC', 'Sala 6', 8),
(1369, '2023-03-10', '00:00:00', 7.99, 'YC', 'Sala 1', 11),
(1370, '2023-03-10', '15:00:00', 10.99, 'YC', 'Sala 1', 7),
(1371, '2023-03-10', '18:00:00', 10.99, 'YC', 'Sala 1', 5),
(1372, '2023-03-10', '21:00:00', 4.99, 'YC', 'Sala 1', 11),
(1373, '2023-03-10', '00:00:00', 4.99, 'YC', 'Sala 2', 10),
(1374, '2023-03-10', '15:00:00', 14.99, 'YC', 'Sala 2', 5),
(1375, '2023-03-10', '18:00:00', 7.99, 'YC', 'Sala 2', 6),
(1376, '2023-03-10', '21:00:00', 14.99, 'YC', 'Sala 2', 13),
(1377, '2023-03-10', '00:00:00', 7.99, 'YC', 'Sala 3', 7),
(1378, '2023-03-10', '15:00:00', 10.99, 'YC', 'Sala 3', 1),
(1379, '2023-03-10', '18:00:00', 7.99, 'YC', 'Sala 3', 6),
(1380, '2023-03-10', '21:00:00', 14.99, 'YC', 'Sala 3', 15),
(1381, '2023-03-10', '00:00:00', 4.99, 'YC', 'Sala 4', 15),
(1382, '2023-03-10', '15:00:00', 14.99, 'YC', 'Sala 4', 11),
(1383, '2023-03-10', '18:00:00', 10.99, 'YC', 'Sala 4', 5),
(1384, '2023-03-10', '21:00:00', 10.99, 'YC', 'Sala 4', 15),
(1385, '2023-03-10', '00:00:00', 4.99, 'YC', 'Sala 5', 1),
(1386, '2023-03-10', '15:00:00', 14.99, 'YC', 'Sala 5', 1),
(1387, '2023-03-10', '18:00:00', 7.99, 'YC', 'Sala 5', 14),
(1388, '2023-03-10', '21:00:00', 7.99, 'YC', 'Sala 5', 15),
(1389, '2023-03-10', '00:00:00', 4.99, 'YC', 'Sala 6', 14),
(1390, '2023-03-10', '15:00:00', 14.99, 'YC', 'Sala 6', 2),
(1391, '2023-03-10', '18:00:00', 14.99, 'YC', 'Sala 6', 3),
(1392, '2023-03-10', '21:00:00', 14.99, 'YC', 'Sala 6', 12),
(1393, '2023-03-10', '00:00:00', 7.99, 'YC', 'Sala 7', 12),
(1394, '2023-03-10', '15:00:00', 4.99, 'YC', 'Sala 7', 9),
(1395, '2023-03-10', '18:00:00', 10.99, 'YC', 'Sala 7', 13),
(1396, '2023-03-10', '21:00:00', 4.99, 'YC', 'Sala 7', 12),
(1397, '2023-03-10', '00:00:00', 10.99, 'ZB', 'Sala 1', 13),
(1398, '2023-03-10', '15:00:00', 10.99, 'ZB', 'Sala 1', 11),
(1399, '2023-03-10', '18:00:00', 7.99, 'ZB', 'Sala 1', 1),
(1400, '2023-03-10', '21:00:00', 7.99, 'ZB', 'Sala 1', 4),
(1401, '2023-03-10', '00:00:00', 7.99, 'ZB', 'Sala 2', 11),
(1402, '2023-03-10', '15:00:00', 14.99, 'ZB', 'Sala 2', 14),
(1403, '2023-03-10', '18:00:00', 4.99, 'ZB', 'Sala 2', 11),
(1404, '2023-03-10', '21:00:00', 4.99, 'ZB', 'Sala 2', 3),
(1405, '2023-03-10', '00:00:00', 10.99, 'ZB', 'Sala 3', 1),
(1406, '2023-03-10', '15:00:00', 14.99, 'ZB', 'Sala 3', 10),
(1407, '2023-03-10', '18:00:00', 4.99, 'ZB', 'Sala 3', 1),
(1408, '2023-03-10', '21:00:00', 4.99, 'ZB', 'Sala 3', 14),
(1409, '2023-03-10', '00:00:00', 7.99, 'ZB', 'Sala 4', 12),
(1410, '2023-03-10', '15:00:00', 7.99, 'ZB', 'Sala 4', 4),
(1411, '2023-03-10', '18:00:00', 10.99, 'ZB', 'Sala 4', 15),
(1412, '2023-03-10', '21:00:00', 4.99, 'ZB', 'Sala 4', 12),
(1413, '2023-03-10', '00:00:00', 14.99, 'ZB', 'Sala 5', 3),
(1414, '2023-03-10', '15:00:00', 4.99, 'ZB', 'Sala 5', 2),
(1415, '2023-03-10', '18:00:00', 4.99, 'ZB', 'Sala 5', 8),
(1416, '2023-03-10', '21:00:00', 7.99, 'ZB', 'Sala 5', 14),
(1417, '2023-03-10', '00:00:00', 4.99, 'ZB', 'Sala 6', 5),
(1418, '2023-03-10', '15:00:00', 10.99, 'ZB', 'Sala 6', 14),
(1419, '2023-03-10', '18:00:00', 7.99, 'ZB', 'Sala 6', 11),
(1420, '2023-03-10', '21:00:00', 7.99, 'ZB', 'Sala 6', 3),
(1421, '2023-03-10', '00:00:00', 14.99, 'ZB', 'Sala 7', 12),
(1422, '2023-03-10', '15:00:00', 10.99, 'ZB', 'Sala 7', 14),
(1423, '2023-03-10', '18:00:00', 4.99, 'ZB', 'Sala 7', 1),
(1424, '2023-03-10', '21:00:00', 7.99, 'ZB', 'Sala 7', 7),
(1425, '2023-03-10', '00:00:00', 10.99, 'ZB', 'Sala 8', 12),
(1426, '2023-03-10', '15:00:00', 4.99, 'ZB', 'Sala 8', 8),
(1427, '2023-03-10', '18:00:00', 4.99, 'ZB', 'Sala 8', 15),
(1428, '2023-03-10', '21:00:00', 4.99, 'ZB', 'Sala 8', 9),
(1429, '2023-03-11', '00:00:00', 4.99, 'GC', 'Sala 1', 2),
(1430, '2023-03-11', '15:00:00', 10.99, 'GC', 'Sala 1', 10),
(1431, '2023-03-11', '18:00:00', 10.99, 'GC', 'Sala 1', 9),
(1432, '2023-03-11', '21:00:00', 10.99, 'GC', 'Sala 1', 10),
(1433, '2023-03-11', '00:00:00', 14.99, 'GC', 'Sala 2', 14),
(1434, '2023-03-11', '15:00:00', 4.99, 'GC', 'Sala 2', 15),
(1435, '2023-03-11', '18:00:00', 10.99, 'GC', 'Sala 2', 5),
(1436, '2023-03-11', '21:00:00', 10.99, 'GC', 'Sala 2', 13),
(1437, '2023-03-11', '00:00:00', 4.99, 'GC', 'Sala 3', 5),
(1438, '2023-03-11', '15:00:00', 10.99, 'GC', 'Sala 3', 11),
(1439, '2023-03-11', '18:00:00', 14.99, 'GC', 'Sala 3', 14),
(1440, '2023-03-11', '21:00:00', 14.99, 'GC', 'Sala 3', 10),
(1441, '2023-03-11', '00:00:00', 10.99, 'GC', 'Sala 4', 14),
(1442, '2023-03-11', '15:00:00', 7.99, 'GC', 'Sala 4', 13),
(1443, '2023-03-11', '18:00:00', 4.99, 'GC', 'Sala 4', 2),
(1444, '2023-03-11', '21:00:00', 14.99, 'GC', 'Sala 4', 9),
(1445, '2023-03-11', '00:00:00', 4.99, 'GC', 'Sala 5', 8),
(1446, '2023-03-11', '15:00:00', 4.99, 'GC', 'Sala 5', 8),
(1447, '2023-03-11', '18:00:00', 14.99, 'GC', 'Sala 5', 10),
(1448, '2023-03-11', '21:00:00', 7.99, 'GC', 'Sala 5', 11),
(1449, '2023-03-11', '00:00:00', 4.99, 'GC', 'Sala 6', 6),
(1450, '2023-03-11', '15:00:00', 7.99, 'GC', 'Sala 6', 12),
(1451, '2023-03-11', '18:00:00', 14.99, 'GC', 'Sala 6', 1),
(1452, '2023-03-11', '21:00:00', 4.99, 'GC', 'Sala 6', 15),
(1453, '2023-03-11', '00:00:00', 7.99, 'YC', 'Sala 1', 10),
(1454, '2023-03-11', '15:00:00', 10.99, 'YC', 'Sala 1', 13),
(1455, '2023-03-11', '18:00:00', 14.99, 'YC', 'Sala 1', 9),
(1456, '2023-03-11', '21:00:00', 10.99, 'YC', 'Sala 1', 12),
(1457, '2023-03-11', '00:00:00', 10.99, 'YC', 'Sala 2', 5),
(1458, '2023-03-11', '15:00:00', 4.99, 'YC', 'Sala 2', 5),
(1459, '2023-03-11', '18:00:00', 7.99, 'YC', 'Sala 2', 15),
(1460, '2023-03-11', '21:00:00', 7.99, 'YC', 'Sala 2', 13),
(1461, '2023-03-11', '00:00:00', 14.99, 'YC', 'Sala 3', 9),
(1462, '2023-03-11', '15:00:00', 4.99, 'YC', 'Sala 3', 4),
(1463, '2023-03-11', '18:00:00', 7.99, 'YC', 'Sala 3', 15),
(1464, '2023-03-11', '21:00:00', 7.99, 'YC', 'Sala 3', 7),
(1465, '2023-03-11', '00:00:00', 7.99, 'YC', 'Sala 4', 7),
(1466, '2023-03-11', '15:00:00', 4.99, 'YC', 'Sala 4', 13),
(1467, '2023-03-11', '18:00:00', 10.99, 'YC', 'Sala 4', 7),
(1468, '2023-03-11', '21:00:00', 14.99, 'YC', 'Sala 4', 8),
(1469, '2023-03-11', '00:00:00', 4.99, 'YC', 'Sala 5', 1),
(1470, '2023-03-11', '15:00:00', 10.99, 'YC', 'Sala 5', 15),
(1471, '2023-03-11', '18:00:00', 4.99, 'YC', 'Sala 5', 15),
(1472, '2023-03-11', '21:00:00', 7.99, 'YC', 'Sala 5', 11),
(1473, '2023-03-11', '00:00:00', 7.99, 'YC', 'Sala 6', 12),
(1474, '2023-03-11', '15:00:00', 14.99, 'YC', 'Sala 6', 10),
(1475, '2023-03-11', '18:00:00', 7.99, 'YC', 'Sala 6', 13),
(1476, '2023-03-11', '21:00:00', 10.99, 'YC', 'Sala 6', 13),
(1477, '2023-03-11', '00:00:00', 4.99, 'YC', 'Sala 7', 15),
(1478, '2023-03-11', '15:00:00', 7.99, 'YC', 'Sala 7', 5),
(1479, '2023-03-11', '18:00:00', 7.99, 'YC', 'Sala 7', 9),
(1480, '2023-03-11', '21:00:00', 4.99, 'YC', 'Sala 7', 8),
(1481, '2023-03-11', '00:00:00', 7.99, 'ZB', 'Sala 1', 12),
(1482, '2023-03-11', '15:00:00', 4.99, 'ZB', 'Sala 1', 8),
(1483, '2023-03-11', '18:00:00', 10.99, 'ZB', 'Sala 1', 4),
(1484, '2023-03-11', '21:00:00', 7.99, 'ZB', 'Sala 1', 4),
(1485, '2023-03-11', '00:00:00', 7.99, 'ZB', 'Sala 2', 6),
(1486, '2023-03-11', '15:00:00', 4.99, 'ZB', 'Sala 2', 11),
(1487, '2023-03-11', '18:00:00', 10.99, 'ZB', 'Sala 2', 8),
(1488, '2023-03-11', '21:00:00', 4.99, 'ZB', 'Sala 2', 3),
(1489, '2023-03-11', '00:00:00', 10.99, 'ZB', 'Sala 3', 7),
(1490, '2023-03-11', '15:00:00', 7.99, 'ZB', 'Sala 3', 14),
(1491, '2023-03-11', '18:00:00', 7.99, 'ZB', 'Sala 3', 9),
(1492, '2023-03-11', '21:00:00', 7.99, 'ZB', 'Sala 3', 9),
(1493, '2023-03-11', '00:00:00', 14.99, 'ZB', 'Sala 4', 2),
(1494, '2023-03-11', '15:00:00', 10.99, 'ZB', 'Sala 4', 11),
(1495, '2023-03-11', '18:00:00', 7.99, 'ZB', 'Sala 4', 3),
(1496, '2023-03-11', '21:00:00', 10.99, 'ZB', 'Sala 4', 2),
(1497, '2023-03-11', '00:00:00', 4.99, 'ZB', 'Sala 5', 4),
(1498, '2023-03-11', '15:00:00', 7.99, 'ZB', 'Sala 5', 3),
(1499, '2023-03-11', '18:00:00', 7.99, 'ZB', 'Sala 5', 9),
(1500, '2023-03-11', '21:00:00', 7.99, 'ZB', 'Sala 5', 5),
(1501, '2023-03-11', '00:00:00', 4.99, 'ZB', 'Sala 6', 8),
(1502, '2023-03-11', '15:00:00', 4.99, 'ZB', 'Sala 6', 15),
(1503, '2023-03-11', '18:00:00', 14.99, 'ZB', 'Sala 6', 6),
(1504, '2023-03-11', '21:00:00', 4.99, 'ZB', 'Sala 6', 15),
(1505, '2023-03-11', '00:00:00', 14.99, 'ZB', 'Sala 7', 8),
(1506, '2023-03-11', '15:00:00', 4.99, 'ZB', 'Sala 7', 7),
(1507, '2023-03-11', '18:00:00', 7.99, 'ZB', 'Sala 7', 11),
(1508, '2023-03-11', '21:00:00', 4.99, 'ZB', 'Sala 7', 4),
(1509, '2023-03-11', '00:00:00', 4.99, 'ZB', 'Sala 8', 11),
(1510, '2023-03-11', '15:00:00', 4.99, 'ZB', 'Sala 8', 14),
(1511, '2023-03-11', '18:00:00', 10.99, 'ZB', 'Sala 8', 8),
(1512, '2023-03-11', '21:00:00', 10.99, 'ZB', 'Sala 8', 1),
(1513, '2023-03-12', '00:00:00', 14.99, 'GC', 'Sala 1', 7),
(1514, '2023-03-12', '15:00:00', 10.99, 'GC', 'Sala 1', 9),
(1515, '2023-03-12', '18:00:00', 10.99, 'GC', 'Sala 1', 14),
(1516, '2023-03-12', '21:00:00', 10.99, 'GC', 'Sala 1', 10),
(1517, '2023-03-12', '00:00:00', 10.99, 'GC', 'Sala 2', 2),
(1518, '2023-03-12', '15:00:00', 7.99, 'GC', 'Sala 2', 7),
(1519, '2023-03-12', '18:00:00', 14.99, 'GC', 'Sala 2', 3),
(1520, '2023-03-12', '21:00:00', 10.99, 'GC', 'Sala 2', 10),
(1521, '2023-03-12', '00:00:00', 10.99, 'GC', 'Sala 3', 14),
(1522, '2023-03-12', '15:00:00', 4.99, 'GC', 'Sala 3', 15),
(1523, '2023-03-12', '18:00:00', 10.99, 'GC', 'Sala 3', 6),
(1524, '2023-03-12', '21:00:00', 4.99, 'GC', 'Sala 3', 6),
(1525, '2023-03-12', '00:00:00', 4.99, 'GC', 'Sala 4', 11),
(1526, '2023-03-12', '15:00:00', 10.99, 'GC', 'Sala 4', 2),
(1527, '2023-03-12', '18:00:00', 7.99, 'GC', 'Sala 4', 7),
(1528, '2023-03-12', '21:00:00', 14.99, 'GC', 'Sala 4', 14),
(1529, '2023-03-12', '00:00:00', 10.99, 'GC', 'Sala 5', 13),
(1530, '2023-03-12', '15:00:00', 14.99, 'GC', 'Sala 5', 1),
(1531, '2023-03-12', '18:00:00', 4.99, 'GC', 'Sala 5', 9),
(1532, '2023-03-12', '21:00:00', 4.99, 'GC', 'Sala 5', 10),
(1533, '2023-03-12', '00:00:00', 7.99, 'GC', 'Sala 6', 2),
(1534, '2023-03-12', '15:00:00', 10.99, 'GC', 'Sala 6', 7),
(1535, '2023-03-12', '18:00:00', 4.99, 'GC', 'Sala 6', 14),
(1536, '2023-03-12', '21:00:00', 7.99, 'GC', 'Sala 6', 4),
(1537, '2023-03-12', '00:00:00', 10.99, 'YC', 'Sala 1', 5),
(1538, '2023-03-12', '15:00:00', 10.99, 'YC', 'Sala 1', 14),
(1539, '2023-03-12', '18:00:00', 14.99, 'YC', 'Sala 1', 6),
(1540, '2023-03-12', '21:00:00', 4.99, 'YC', 'Sala 1', 5),
(1541, '2023-03-12', '00:00:00', 7.99, 'YC', 'Sala 2', 15),
(1542, '2023-03-12', '15:00:00', 7.99, 'YC', 'Sala 2', 11),
(1543, '2023-03-12', '18:00:00', 7.99, 'YC', 'Sala 2', 8),
(1544, '2023-03-12', '21:00:00', 4.99, 'YC', 'Sala 2', 14),
(1545, '2023-03-12', '00:00:00', 14.99, 'YC', 'Sala 3', 12),
(1546, '2023-03-12', '15:00:00', 14.99, 'YC', 'Sala 3', 12),
(1547, '2023-03-12', '18:00:00', 10.99, 'YC', 'Sala 3', 3),
(1548, '2023-03-12', '21:00:00', 14.99, 'YC', 'Sala 3', 7),
(1549, '2023-03-12', '00:00:00', 7.99, 'YC', 'Sala 4', 9),
(1550, '2023-03-12', '15:00:00', 7.99, 'YC', 'Sala 4', 13),
(1551, '2023-03-12', '18:00:00', 10.99, 'YC', 'Sala 4', 7),
(1552, '2023-03-12', '21:00:00', 4.99, 'YC', 'Sala 4', 6),
(1553, '2023-03-12', '00:00:00', 7.99, 'YC', 'Sala 5', 4),
(1554, '2023-03-12', '15:00:00', 14.99, 'YC', 'Sala 5', 2),
(1555, '2023-03-12', '18:00:00', 7.99, 'YC', 'Sala 5', 3),
(1556, '2023-03-12', '21:00:00', 7.99, 'YC', 'Sala 5', 14),
(1557, '2023-03-12', '00:00:00', 4.99, 'YC', 'Sala 6', 14),
(1558, '2023-03-12', '15:00:00', 10.99, 'YC', 'Sala 6', 10),
(1559, '2023-03-12', '18:00:00', 7.99, 'YC', 'Sala 6', 14),
(1560, '2023-03-12', '21:00:00', 10.99, 'YC', 'Sala 6', 12),
(1561, '2023-03-12', '00:00:00', 10.99, 'YC', 'Sala 7', 7),
(1562, '2023-03-12', '15:00:00', 14.99, 'YC', 'Sala 7', 13),
(1563, '2023-03-12', '18:00:00', 10.99, 'YC', 'Sala 7', 14),
(1564, '2023-03-12', '21:00:00', 7.99, 'YC', 'Sala 7', 14),
(1565, '2023-03-12', '00:00:00', 10.99, 'ZB', 'Sala 1', 6),
(1566, '2023-03-12', '15:00:00', 14.99, 'ZB', 'Sala 1', 11),
(1567, '2023-03-12', '18:00:00', 7.99, 'ZB', 'Sala 1', 5),
(1568, '2023-03-12', '21:00:00', 4.99, 'ZB', 'Sala 1', 13),
(1569, '2023-03-12', '00:00:00', 4.99, 'ZB', 'Sala 2', 13),
(1570, '2023-03-12', '15:00:00', 7.99, 'ZB', 'Sala 2', 8),
(1571, '2023-03-12', '18:00:00', 4.99, 'ZB', 'Sala 2', 11),
(1572, '2023-03-12', '21:00:00', 14.99, 'ZB', 'Sala 2', 4),
(1573, '2023-03-12', '00:00:00', 14.99, 'ZB', 'Sala 3', 13),
(1574, '2023-03-12', '15:00:00', 7.99, 'ZB', 'Sala 3', 13),
(1575, '2023-03-12', '18:00:00', 14.99, 'ZB', 'Sala 3', 5),
(1576, '2023-03-12', '21:00:00', 7.99, 'ZB', 'Sala 3', 10),
(1577, '2023-03-12', '00:00:00', 14.99, 'ZB', 'Sala 4', 1),
(1578, '2023-03-12', '15:00:00', 7.99, 'ZB', 'Sala 4', 15),
(1579, '2023-03-12', '18:00:00', 10.99, 'ZB', 'Sala 4', 3),
(1580, '2023-03-12', '21:00:00', 10.99, 'ZB', 'Sala 4', 5),
(1581, '2023-03-12', '00:00:00', 10.99, 'ZB', 'Sala 5', 7),
(1582, '2023-03-12', '15:00:00', 7.99, 'ZB', 'Sala 5', 6),
(1583, '2023-03-12', '18:00:00', 14.99, 'ZB', 'Sala 5', 4),
(1584, '2023-03-12', '21:00:00', 7.99, 'ZB', 'Sala 5', 13),
(1585, '2023-03-12', '00:00:00', 10.99, 'ZB', 'Sala 6', 4),
(1586, '2023-03-12', '15:00:00', 14.99, 'ZB', 'Sala 6', 8),
(1587, '2023-03-12', '18:00:00', 4.99, 'ZB', 'Sala 6', 1),
(1588, '2023-03-12', '21:00:00', 7.99, 'ZB', 'Sala 6', 1),
(1589, '2023-03-12', '00:00:00', 7.99, 'ZB', 'Sala 7', 13),
(1590, '2023-03-12', '15:00:00', 14.99, 'ZB', 'Sala 7', 15),
(1591, '2023-03-12', '18:00:00', 10.99, 'ZB', 'Sala 7', 10),
(1592, '2023-03-12', '21:00:00', 14.99, 'ZB', 'Sala 7', 9),
(1593, '2023-03-12', '00:00:00', 10.99, 'ZB', 'Sala 8', 5),
(1594, '2023-03-12', '15:00:00', 10.99, 'ZB', 'Sala 8', 15),
(1595, '2023-03-12', '18:00:00', 7.99, 'ZB', 'Sala 8', 5),
(1596, '2023-03-12', '21:00:00', 10.99, 'ZB', 'Sala 8', 1),
(1597, '2023-03-13', '00:00:00', 7.99, 'GC', 'Sala 1', 6),
(1598, '2023-03-13', '15:00:00', 10.99, 'GC', 'Sala 1', 13),
(1599, '2023-03-13', '18:00:00', 10.99, 'GC', 'Sala 1', 6),
(1600, '2023-03-13', '21:00:00', 4.99, 'GC', 'Sala 1', 14),
(1601, '2023-03-13', '00:00:00', 14.99, 'GC', 'Sala 2', 13),
(1602, '2023-03-13', '15:00:00', 14.99, 'GC', 'Sala 2', 15),
(1603, '2023-03-13', '18:00:00', 4.99, 'GC', 'Sala 2', 5),
(1604, '2023-03-13', '21:00:00', 10.99, 'GC', 'Sala 2', 11),
(1605, '2023-03-13', '00:00:00', 4.99, 'GC', 'Sala 3', 14),
(1606, '2023-03-13', '15:00:00', 10.99, 'GC', 'Sala 3', 1),
(1607, '2023-03-13', '18:00:00', 7.99, 'GC', 'Sala 3', 1),
(1608, '2023-03-13', '21:00:00', 10.99, 'GC', 'Sala 3', 9),
(1609, '2023-03-13', '00:00:00', 10.99, 'GC', 'Sala 4', 11),
(1610, '2023-03-13', '15:00:00', 10.99, 'GC', 'Sala 4', 15),
(1611, '2023-03-13', '18:00:00', 14.99, 'GC', 'Sala 4', 15),
(1612, '2023-03-13', '21:00:00', 10.99, 'GC', 'Sala 4', 13),
(1613, '2023-03-13', '00:00:00', 14.99, 'GC', 'Sala 5', 10),
(1614, '2023-03-13', '15:00:00', 14.99, 'GC', 'Sala 5', 2),
(1615, '2023-03-13', '18:00:00', 14.99, 'GC', 'Sala 5', 13),
(1616, '2023-03-13', '21:00:00', 14.99, 'GC', 'Sala 5', 3),
(1617, '2023-03-13', '00:00:00', 10.99, 'GC', 'Sala 6', 4),
(1618, '2023-03-13', '15:00:00', 7.99, 'GC', 'Sala 6', 7),
(1619, '2023-03-13', '18:00:00', 10.99, 'GC', 'Sala 6', 15),
(1620, '2023-03-13', '21:00:00', 7.99, 'GC', 'Sala 6', 6),
(1621, '2023-03-13', '00:00:00', 14.99, 'YC', 'Sala 1', 13),
(1622, '2023-03-13', '15:00:00', 14.99, 'YC', 'Sala 1', 3),
(1623, '2023-03-13', '18:00:00', 7.99, 'YC', 'Sala 1', 5),
(1624, '2023-03-13', '21:00:00', 7.99, 'YC', 'Sala 1', 9),
(1625, '2023-03-13', '00:00:00', 7.99, 'YC', 'Sala 2', 12),
(1626, '2023-03-13', '15:00:00', 4.99, 'YC', 'Sala 2', 7),
(1627, '2023-03-13', '18:00:00', 14.99, 'YC', 'Sala 2', 6),
(1628, '2023-03-13', '21:00:00', 14.99, 'YC', 'Sala 2', 12),
(1629, '2023-03-13', '00:00:00', 14.99, 'YC', 'Sala 3', 15),
(1630, '2023-03-13', '15:00:00', 14.99, 'YC', 'Sala 3', 3),
(1631, '2023-03-13', '18:00:00', 7.99, 'YC', 'Sala 3', 4),
(1632, '2023-03-13', '21:00:00', 14.99, 'YC', 'Sala 3', 8),
(1633, '2023-03-13', '00:00:00', 14.99, 'YC', 'Sala 4', 15),
(1634, '2023-03-13', '15:00:00', 10.99, 'YC', 'Sala 4', 6),
(1635, '2023-03-13', '18:00:00', 4.99, 'YC', 'Sala 4', 6),
(1636, '2023-03-13', '21:00:00', 14.99, 'YC', 'Sala 4', 9),
(1637, '2023-03-13', '00:00:00', 14.99, 'YC', 'Sala 5', 6),
(1638, '2023-03-13', '15:00:00', 7.99, 'YC', 'Sala 5', 5),
(1639, '2023-03-13', '18:00:00', 10.99, 'YC', 'Sala 5', 5),
(1640, '2023-03-13', '21:00:00', 4.99, 'YC', 'Sala 5', 5),
(1641, '2023-03-13', '00:00:00', 10.99, 'YC', 'Sala 6', 11),
(1642, '2023-03-13', '15:00:00', 10.99, 'YC', 'Sala 6', 1),
(1643, '2023-03-13', '18:00:00', 14.99, 'YC', 'Sala 6', 2),
(1644, '2023-03-13', '21:00:00', 10.99, 'YC', 'Sala 6', 14),
(1645, '2023-03-13', '00:00:00', 14.99, 'YC', 'Sala 7', 5),
(1646, '2023-03-13', '15:00:00', 4.99, 'YC', 'Sala 7', 3),
(1647, '2023-03-13', '18:00:00', 4.99, 'YC', 'Sala 7', 2),
(1648, '2023-03-13', '21:00:00', 4.99, 'YC', 'Sala 7', 4),
(1649, '2023-03-13', '00:00:00', 14.99, 'ZB', 'Sala 1', 2),
(1650, '2023-03-13', '15:00:00', 10.99, 'ZB', 'Sala 1', 9),
(1651, '2023-03-13', '18:00:00', 10.99, 'ZB', 'Sala 1', 10),
(1652, '2023-03-13', '21:00:00', 7.99, 'ZB', 'Sala 1', 5),
(1653, '2023-03-13', '00:00:00', 10.99, 'ZB', 'Sala 2', 6),
(1654, '2023-03-13', '15:00:00', 4.99, 'ZB', 'Sala 2', 10),
(1655, '2023-03-13', '18:00:00', 4.99, 'ZB', 'Sala 2', 1),
(1656, '2023-03-13', '21:00:00', 4.99, 'ZB', 'Sala 2', 10),
(1657, '2023-03-13', '00:00:00', 14.99, 'ZB', 'Sala 3', 3),
(1658, '2023-03-13', '15:00:00', 10.99, 'ZB', 'Sala 3', 14),
(1659, '2023-03-13', '18:00:00', 14.99, 'ZB', 'Sala 3', 11),
(1660, '2023-03-13', '21:00:00', 14.99, 'ZB', 'Sala 3', 1),
(1661, '2023-03-13', '00:00:00', 10.99, 'ZB', 'Sala 4', 4),
(1662, '2023-03-13', '15:00:00', 7.99, 'ZB', 'Sala 4', 6),
(1663, '2023-03-13', '18:00:00', 10.99, 'ZB', 'Sala 4', 15),
(1664, '2023-03-13', '21:00:00', 4.99, 'ZB', 'Sala 4', 13),
(1665, '2023-03-13', '00:00:00', 14.99, 'ZB', 'Sala 5', 4),
(1666, '2023-03-13', '15:00:00', 4.99, 'ZB', 'Sala 5', 10),
(1667, '2023-03-13', '18:00:00', 4.99, 'ZB', 'Sala 5', 6),
(1668, '2023-03-13', '21:00:00', 10.99, 'ZB', 'Sala 5', 11),
(1669, '2023-03-13', '00:00:00', 7.99, 'ZB', 'Sala 6', 5),
(1670, '2023-03-13', '15:00:00', 4.99, 'ZB', 'Sala 6', 12),
(1671, '2023-03-13', '18:00:00', 10.99, 'ZB', 'Sala 6', 7),
(1672, '2023-03-13', '21:00:00', 4.99, 'ZB', 'Sala 6', 13),
(1673, '2023-03-13', '00:00:00', 14.99, 'ZB', 'Sala 7', 8),
(1674, '2023-03-13', '15:00:00', 4.99, 'ZB', 'Sala 7', 2),
(1675, '2023-03-13', '18:00:00', 7.99, 'ZB', 'Sala 7', 14),
(1676, '2023-03-13', '21:00:00', 14.99, 'ZB', 'Sala 7', 13),
(1677, '2023-03-13', '00:00:00', 7.99, 'ZB', 'Sala 8', 9),
(1678, '2023-03-13', '15:00:00', 10.99, 'ZB', 'Sala 8', 14),
(1679, '2023-03-13', '18:00:00', 10.99, 'ZB', 'Sala 8', 9),
(1680, '2023-03-13', '21:00:00', 7.99, 'ZB', 'Sala 8', 5);